id,target
1,303.0523428924106
2,4.990907726393526
3,64.37557753938964
4,44.94045712595237
5,87.75415409504896
6,139.56593368139238
7,85.28420524623313
8,229.98300260759254
9,250.60570913882668
10,6.293798240559903
11,289.086040541402
12,2.512468491480939
13,241.83207744163374
14,307.40301485916495
15,20.184024087490425
16,273.66994004989886
17,178.75412583325783
18,381.544171479355
19,249.63663895723812
20,3.2261566319307415
21,4.707397002564139
22,260.3411168190315
23,3.823935151856441
24,1.514953662022422
25,5.5675708039380165
26,3.3470119258578053
27,3.076830840374712
28,4.815265583756533
29,5.842328174161516
30,213.38233683075987
31,127.4508585446812
32,79.57772910827775
33,289.41763524250763
34,88.95482489804215
35,277.5764443354469
36,2.707474134199067
37,6.2734021901763715
38,196.81155852617132
39,5.8802327977314786
40,5.871779076256157
41,8.172364381683215
42,201.76317376998506
43,3.0554851835534462
44,210.16705649402846
45,150.14659280151682
46,5.99053311840361
47,7.251825933702831
48,76.91743559250177
49,3.635771652474981
50,130.8966004497301
51,4.098280515255005
52,87.34130374939343
53,5.0089495998088704
54,154.01788628818994
55,2.6854481205433016
56,310.8119038061774
57,163.78904004516235
58,141.72401616340545
59,94.81826154104851
60,386.2751249826789
61,4.338867088315466
62,162.12162041594712
63,247.72264643299695
64,186.02312368108807
65,55.771248759665795
66,5.740300761907248
67,248.38304942605595
68,254.8731330877245
69,60.20657462790744
70,82.12899773706938
71,245.35339886691338
72,241.87585019134963
73,86.78363659160414
74,117.51024650451922
75,101.16201900374662
76,170.42104196667594
77,5.7361076168020855
78,281.1694569542368
79,6.656630068203221
80,37.89938345060955
81,2.715020918415851
82,265.9818880131617
83,4.457033635104367
84,146.08441424185014
85,3.5813917166152747
86,178.46670788157917
87,4.434226796552258
88,3.950238992042644
89,21.107452857149063
90,149.63477333830184
91,164.5398631233161
92,210.3842643835381
93,315.325628529849
94,120.04459898705721
95,6.696366468518798
96,217.5048555802602
97,4.411964199909166
98,35.99179537945015
99,155.43706648262975
100,6.505797332877037
101,3.8327829450881845
102,216.6985754725151
103,271.546804905861
104,225.27063994662956
105,151.64570469773417
106,2.7206484964072573
107,64.61647192808931
108,56.840664056166716
109,66.37438391519323
110,100.8761254851841
111,6.6542782163338465
112,4.121457568286752
113,6.177903907576809
114,6.689251814968429
115,4.841518311405064
116,167.9652152925518
117,166.53372906275445
118,141.09579113572028
119,6.6898074611249445
120,207.76327584966742
121,82.67342880864103
122,125.19443079000345
123,1.1654961970786337
124,289.7445385029075
125,5.622563397428705
126,19.087661969849947
127,36.833210323396194
128,5.599387495351902
129,5.923071956617701
130,2.093669411858394
131,3.9992141376015877
132,216.3784601927709
133,3.0519170603643317
134,149.27010327202862
135,3.274913044614748
136,5.515058746469066
137,144.13770364948368
138,91.8450376861039
139,186.30888432129947
140,221.16717712677996
141,261.11441283863485
142,281.25452131470763
143,2.9360345243426966
144,-42.5524422072434
145,234.61087758959826
146,2.9040645241375165
147,-52.09073955417131
148,256.587994334807
149,236.28957831775548
150,-16.560705628542475
151,139.59972236184643
152,47.79213978088859
153,243.0892092321136
154,4.12221962664198
155,30.912326416935777
156,322.6556583715701
157,85.59689973223124
158,23.887230763238264
159,4.9980601466169485
160,253.6672083949071
161,5.009319061989
162,3.6437447543843655
163,165.46211384857332
164,2.7282283589193197
165,55.67277283078088
166,39.467241356781265
167,2.968555208622127
168,235.95674993514805
169,49.296451941028494
170,5.25133432853315
171,126.3955412407341
172,-58.33058888392682
173,4.227761743616675
174,3.309703018082118
175,3.908843706936249
176,329.49857810799097
177,6.593079566361729
178,94.46307473883414
179,4.614294257602014
180,52.80146769412614
181,300.3040268181785
182,60.00421986188486
183,5.925179915630997
184,5.7535086654525704
185,51.42166891828592
186,5.295507132519594
187,6.877650376200673
188,58.20930149770933
189,81.22786781312104
190,184.08397106569208
191,65.50803010174889
192,5.886226471097
193,208.44542494008368
194,171.88547417128066
195,317.12226216802674
196,54.258123398933904
197,133.51163725218038
198,281.8886244763407
199,38.265093989028884
200,236.2843270829133
201,6.634707232551409
202,4.579672627934397
203,4.610815661999277
204,149.7323608865973
205,230.16096478742247
206,3.6395081120369293
207,103.85731492891532
208,43.21233998104636
209,122.6338183748145
210,37.845675572268156
211,3.0358987996914166
212,-2.9337103432211196
213,3.2010768528816573
214,128.1448698043429
215,94.19057250842907
216,322.1256479110374
217,195.24501256454897
218,3.544330429683561
219,136.9494607782022
220,158.29175258608262
221,233.30265598668393
222,140.64283650716294
223,223.2159018574336
224,234.20357793319852
225,98.00693417303697
226,95.75928821977269
227,2.6766750311630796
228,4.464784350141656
229,3.4477633627158393
230,175.85900264905587
231,-38.56256716226251
232,198.36878387838095
233,113.36853221111488
234,2.9933513314211035
235,3.999052617818826
236,56.54346758374582
237,-33.52217845735698
238,37.839602679084805
239,2.9342560012963856
240,37.46981195581442
241,2.221992639090518
242,87.28522673904533
243,182.14675706616413
244,4.808604428410001
245,157.7827153058135
246,58.38426825522548
247,95.67449222897517
248,40.42581139203929
249,124.65561910828525
250,238.75579506492943
251,-57.67547673835139
252,42.8687995830188
253,26.489595238654054
254,4.834872741965995
255,6.249423963758817
256,241.16612051476915
257,4.5885712504199105
258,100.06779946257967
259,2.5257882245120253
260,189.11145355747655
261,282.70874392759197
262,11.582002687423266
263,98.46573651551849
264,138.92042858339866
265,6.547801482438583
266,4.184885497089333
267,137.45479479757802
268,20.682013396607257
269,4.960229857796778
270,176.72623839715843
271,84.5780173887349
272,299.4565476413876
273,207.0585751088457
274,270.27248511460084
275,3.2075818068219135
276,56.22678911486449
277,1.564021833122749
278,4.524833818790606
279,90.29710992275587
280,80.98832747143209
281,-57.23270269429872
282,6.523004022682953
283,257.1839894614292
284,106.29569108625432
285,236.50965985239625
286,3.7433734765996887
287,211.1518335058836
288,93.2055080757613
289,222.44515355744247
290,262.82428268713426
291,140.3850949294908
292,165.4939713517225
293,155.7361711669759
294,35.336957851804094
295,4.801833346211122
296,296.05211853258163
297,5.633748947679058
298,1.9241386000558784
299,270.6991297968516
300,167.90999519629622
301,41.678042192390116
302,5.449286982753631
303,98.42597514651251
304,3.488989467132174
305,144.92742451147456
306,3.2373802645189915
307,133.0197080351853
308,3.583247983478846
309,91.1710866927186
310,151.91992513564148
311,3.0744188607106846
312,3.0271518166270983
313,275.05932691064913
314,271.60779949973005
315,281.6085223792618
316,265.4374541469214
317,34.88580555318604
318,138.81478666348642
319,6.292550143278662
320,156.01186453261954
321,133.5535842324399
322,5.102403526238238
323,30.562080558647075
324,6.350724850910589
325,93.63050940405455
326,322.5835210265576
327,114.18689782717024
328,2.6520548462684443
329,61.84556133293515
330,5.52714374568963
331,158.80679104764738
332,138.5146391182908
333,5.388853224240173
334,142.583308708846
335,42.16766219389599
336,108.74688130639984
337,182.75717491740258
338,263.18994278546177
339,221.951173759827
340,339.5586345097081
341,4.90275400082138
342,233.802222316704
343,287.68805706612636
344,-65.33476939007303
345,32.88877203326028
346,4.313765970323524
347,5.600687084322604
348,1.5795357732494992
349,6.99473779001163
350,3.237459491687324
351,269.19239834082936
352,92.62579492814474
353,6.764755939601836
354,216.2846669441342
355,78.70170578157891
356,2.218553791716988
357,99.49075343141092
358,51.36046763862603
359,188.61455099979133
360,31.9686771810861
361,7.386641666044664
362,58.96370855453942
363,3.7204722381469675
364,1.8473622159890863
365,283.22120054476835
366,3.67398842354227
367,2.3987883304037814
368,3.0632607902001485
369,-17.855283900529997
370,245.4950315240664
371,-16.984048563966013
372,122.92021783387018
373,262.74972567948544
374,237.30142316476048
375,-32.27075790877865
376,3.647123424078504
377,238.48816601568979
378,-48.44541874774056
379,128.55305641589956
380,227.2204800064323
381,6.606462761748129
382,331.0367938309373
383,5.860392666759666
384,55.170768653962256
385,298.4670781390273
386,43.05769335277493
387,3.361964723467639
388,2.877787631683635
389,101.41508585215524
390,268.78083942549176
391,101.23048592445053
392,168.64649447125583
393,35.14782978226345
394,175.87617656885607
395,6.430314288195528
396,2.843659549378229
397,63.486503534670625
398,151.70647043014606
399,32.615612027974436
400,35.82628491634989
401,86.71891810912363
402,221.89879643048278
403,3.0183251619173523
404,-14.558291482621193
405,151.08399892461978
406,41.455060915991666
407,143.9814023285033
408,36.90271837746119
409,5.46723046846007
410,113.0495282709374
411,64.54196073367385
412,246.4888647214155
413,46.19218106244321
414,5.095482046359427
415,-2.458658811319472
416,119.77624116414829
417,2.310921708276588
418,92.82900827408653
419,5.725275407859377
420,382.4545615823646
421,2.7770778939696164
422,302.4511158002216
423,3.230238751167271
424,257.0384771012577
425,3.207175823284711
426,3.305887738142613
427,105.96474157232691
428,4.332547318395667
429,29.37661610008672
430,159.36258720736154
431,118.77759409651134
432,37.79660626453092
433,6.091370539801877
434,3.2119049160947686
435,239.94931435868688
436,-3.4205054588295782
437,170.44377898657564
438,84.90243192311567
439,2.779170876298914
440,137.9105493627875
441,236.93130265904887
442,3.93490694645787
443,269.8721495451814
444,6.456236571173006
445,6.21937935554814
446,5.4699458263464
447,6.578122917247799
448,166.3432449140537
449,6.720629843020488
450,5.8461361842040915
451,154.35686889254123
452,348.10709009669546
453,258.1973788703699
454,3.0694264707133003
455,137.81809645166197
456,214.09366569560422
457,2.317424020432475
458,-84.20097847191167
459,148.78477934234166
460,2.6124052298055465
461,4.430556570847818
462,5.989471641057516
463,-47.20781431882095
464,5.274202951833553
465,2.960380661990922
466,83.41992303634021
467,2.4610326568228995
468,2.8628651331159567
469,27.56397128514982
470,107.484795586516
471,3.9283094296461742
472,3.0865886566173506
473,42.20056305876225
474,386.2191277840085
475,24.312186721197207
476,4.702960040935322
477,304.24412676481444
478,75.33542580159587
479,5.306682134997846
480,21.78444141168989
481,174.9971761345858
482,5.6249317215596815
483,2.482707778457233
484,63.4006029646938
485,373.31860038208174
486,86.07929129878372
487,69.5514521148832
488,149.27356979436507
489,21.765243644605846
490,57.76463862480918
491,118.77928320423673
492,357.2113903166645
493,203.28371684969161
494,124.5970872114859
495,71.67275259116704
496,81.41381870175886
497,3.6676835169330664
498,3.208530985094035
499,5.573290358209636
500,96.44338558346206
501,173.94510380922532
502,232.66457045758057
503,9.68263722886362
504,56.1490010817474
505,238.85828250648615
506,46.01958215066148
507,6.348749468486513
508,6.615450484369674
509,180.3417753290688
510,202.87816793243206
511,255.30670618608875
512,157.50539721528185
513,-45.90697132857284
514,-28.58584613719272
515,4.4522912367555865
516,284.1557768193095
517,246.5662932811328
518,115.5886670032501
519,75.84052658013326
520,2.7619669687369726
521,146.64866611193992
522,229.9140958730012
523,160.46874915241452
524,50.35381420831259
525,238.99724994537343
526,5.308374576104589
527,5.751015754508602
528,3.0211924780600814
529,12.16947526876185
530,2.8876792412346126
531,3.557822816210996
532,118.96929959795094
533,2.839574807958664
534,2.134810681182603
535,2.896326907045408
536,53.05074339226023
537,61.76779602253531
538,32.88573054066236
539,271.3007570258263
540,2.9664219106523317
541,72.81143195379339
542,5.162176219680482
543,78.6278753075828
544,267.2564958236567
545,5.919908986310272
546,2.7465999928976723
547,210.89599058837774
548,4.684234864604785
549,-46.819061742009374
550,143.63244231996185
551,4.267746334200789
552,179.7608233102772
553,62.884830343849586
554,3.095582392979373
555,60.565527394561414
556,4.948978065217256
557,173.46639711867266
558,130.3154682887438
559,213.99504781950264
560,30.782246283113793
561,232.28364766898204
562,192.81927982249033
563,5.613941179345778
564,244.87061135193971
565,141.7648427770539
566,4.27568638173622
567,236.97740775014418
568,164.0051772824699
569,19.42819972175245
570,2.5872030905984067
571,224.55409526768236
572,70.24136921305946
573,6.1313372956145855
574,110.61403896825132
575,2.8959083647620885
576,33.805625530637286
577,53.8198983096774
578,2.300345936910223
579,266.5906076658541
580,94.96158456938728
581,2.306727868824272
582,4.729650453580204
583,75.69735888021381
584,21.3896893606996
585,-79.57109715350512
586,154.67143364648678
587,198.6922020899155
588,127.91756020075792
589,130.53169627674808
590,163.53116933850362
591,6.0736291041923085
592,2.2701883462253476
593,69.07845998405382
594,19.890852285521326
595,80.5875512138815
596,84.45808806894095
597,3.9512092419401035
598,177.88971033804137
599,113.98633774139972
600,144.92409259500198
601,283.2382296373673
602,62.03537197469717
603,2.388088515221594
604,1.8421998626474685
605,82.00600574056074
606,-92.14984520685636
607,5.725437732153955
608,-53.96983293012957
609,307.7687193206491
610,49.4388388641882
611,3.7246906363510774
612,93.196909232708
613,214.48836774432277
614,157.75472617110773
615,52.17380829278851
616,238.21486971293172
617,218.2211676697487
618,-3.7512006626828813
619,4.521590628408589
620,6.87300382218087
621,2.942507874823307
622,53.48447563227727
623,2.4392792012481017
624,192.74864550879096
625,3.1086155536720472
626,6.060513703377945
627,221.3265045677545
628,50.354204077775435
629,5.742065183957184
630,3.878752678782356
631,5.854964280136656
632,65.97699163943426
633,5.8085090012572635
634,140.75537670515763
635,-4.598090068082546
636,230.4903237175712
637,263.37390049661394
638,322.92284583427784
639,6.343959086644901
640,82.15651365068514
641,204.6550608334407
642,244.0765569805885
643,3.03017465417435
644,231.64730547644967
645,74.4196472101681
646,308.1968225457382
647,49.45796952159051
648,206.64498755787815
649,5.71898262601796
650,2.6088886452282747
651,6.172301670662342
652,6.348204493630801
653,217.91618385025632
654,3.0485233334064916
655,186.8809086129675
656,3.0203124797997507
657,276.5618906852354
658,5.5991612334534295
659,191.61514401933385
660,5.890262337921486
661,178.69535542232484
662,150.17228142149486
663,5.1435739347391785
664,3.478818543668094
665,231.94014256860459
666,44.41758387816004
667,260.8604289061038
668,2.635990064452178
669,3.8552523965201853
670,57.617470865574376
671,41.94882129296856
672,20.570055688007635
673,24.86138716409851
674,3.7649486802645065
675,3.149213885280421
676,6.065505143679852
677,3.90094345997864
678,252.93868149808355
679,3.4427319832833554
680,5.854213806696093
681,5.653883665481107
682,5.088298474999522
683,41.08774633402281
684,32.59989929058904
685,135.112317196371
686,-34.010646511118175
687,6.493075295293799
688,4.084041929156081
689,29.85502230768234
690,156.2068823193923
691,2.5828880002188095
692,4.232265993465122
693,202.64019729291624
694,238.96669312727317
695,317.569404408657
696,-45.76149045337172
697,161.7579322278522
698,275.0468846056202
699,92.64639980269875
700,2.9587703948354913
701,6.907439162320661
702,249.05952242959276
703,103.68525027098306
704,188.88743406624667
705,86.54859817693271
706,294.849510649064
707,130.09560423303634
708,2.7941817677986527
709,165.23931284628213
710,56.845583858306455
711,4.801408692941577
712,72.56002582384377
713,150.59894274986226
714,33.234874513078196
715,399.88362997943193
716,382.38259232961855
717,3.2166627923722304
718,2.7132394684117256
719,2.7483539240610906
720,2.689982094632037
721,2.6953277131242492
722,144.44141356534874
723,6.2190257221263145
724,3.7903413444253475
725,6.691088146930133
726,276.0680585352079
727,5.749853860978025
728,25.472056386028402
729,196.78566375099308
730,372.45741940570434
731,5.67112612438514
732,8.596167325481456
733,236.53331196584398
734,6.65009304634337
735,2.5760238726861693
736,152.36631597098443
737,4.9912248610964705
738,-81.80533012903702
739,217.81900507005065
740,114.9684295028074
741,2.191465422253983
742,263.7248665890318
743,75.94687521410103
744,3.5066519068001156
745,68.77857998543323
746,251.8207813587248
747,155.7318962554567
748,104.66983081629442
749,3.949115143651646
750,297.1165145854699
751,5.303778743976066
752,229.62872243321902
753,2.497286468651894
754,6.394750470290045
755,2.53145851869932
756,146.80282528324815
757,268.0476943793768
758,54.699947949311756
759,173.89950382968237
760,258.3979534852657
761,3.4950314471312978
762,4.269546565394321
763,4.677034846418095
764,6.158728085979556
765,209.43614926270942
766,139.87399301954963
767,93.99613546881982
768,226.55086791827546
769,3.100195990185834
770,262.21774503707934
771,51.28330954766842
772,95.80657283320616
773,210.77407513807128
774,157.88575074877804
775,-29.486688331008228
776,4.093128047345772
777,14.069007770158159
778,252.36887104704755
779,64.959239257718
780,5.209503072220883
781,85.19140899767066
782,4.503642585034596
783,105.32055890279898
784,32.322307790165866
785,90.73853754382353
786,-9.666511221483555
787,137.80855399153916
788,5.915358295943573
789,254.1875214938073
790,111.39885811239819
791,-7.084838190405147
792,128.1144045350562
793,184.283453298465
794,169.20738413247324
795,288.6843312548856
796,13.110186684308417
797,92.55961503592243
798,131.890134861023
799,5.843500925007367
800,243.0478569418505
801,111.00917291831507
802,85.14918542465728
803,2.4790140506652785
804,126.41286447974795
805,-38.43162748445075
806,315.6871461218485
807,132.1801524508563
808,230.4863087693168
809,295.23562051109707
810,171.67764178004117
811,4.667247748764193
812,30.99608708619347
813,280.01518329275416
814,119.89243783434287
815,212.87184141712265
816,6.595559422948048
817,79.60392515276887
818,63.60139226993736
819,42.41729725886045
820,-27.51286497578483
821,257.41774533960154
822,6.650288427562698
823,5.409904774393772
824,121.31785267626545
825,102.5875275480324
826,83.34441590575548
827,285.77105968900696
828,3.623100384965926
829,162.60392288262483
830,113.04116189561962
831,-32.20573289578123
832,67.75583118668001
833,62.11315108572475
834,68.77087950585192
835,6.654790210395971
836,-34.285790259894384
837,3.1111148412721645
838,83.9870000042699
839,5.73680720227158
840,102.81381461017655
841,110.44888466092638
842,163.51878838912432
843,-25.698034137352174
844,126.74878364586758
845,5.86104880601173
846,167.51266522803033
847,329.7444237830602
848,304.77677143659065
849,285.397978902288
850,309.492076679347
851,117.99967195532253
852,101.96725428670305
853,249.06115049239324
854,2.9903412760271455
855,235.96863923657304
856,32.400512340398706
857,159.99975892664378
858,171.08101902260273
859,199.12755116116898
860,137.1366680443129
861,2.6644895499445616
862,54.0493804709175
863,98.6595280314317
864,3.7948584686777806
865,5.909337500697841
866,6.619958851409515
867,148.06978499992712
868,-58.36471152366076
869,3.508734014674565
870,157.17498236051603
871,385.9862870139993
872,27.641533409114253
873,276.62774280438464
874,44.64012400630791
875,79.5902518845803
876,264.35381367145357
877,227.92677245162773
878,3.987876849041518
879,206.31998993757452
880,143.42661023642154
881,5.636519981442986
882,202.8918352700552
883,193.45772318463344
884,2.836773030407766
885,264.24308032030706
886,31.457197298225203
887,2.8034437032490978
888,4.908995887990093
889,207.26134858298823
890,47.29492928536186
891,38.06181032909437
892,219.50663783301536
893,153.18804974344454
894,-38.81555066578464
895,315.8163801092611
896,101.2263980296079
897,186.43494710142866
898,3.471487380140715
899,21.182408983051577
900,-52.32692510988592
901,362.72111844206995
902,6.388314819483535
903,4.531633939194405
904,5.873238491921535
905,284.875595151345
906,199.50659950727214
907,195.03416520386764
908,25.369254932228916
909,4.767667667523847
910,5.892968962155927
911,229.68966229168558
912,4.308827853458796
913,6.749752839952183
914,54.236459502325076
915,5.97978844274607
916,2.727890646424977
917,196.8625063904375
918,256.4828695005583
919,49.36008191953394
920,138.11838811839277
921,107.9164200327148
922,4.38528681775032
923,107.55523500525575
924,5.878478740213747
925,185.98826794683436
926,6.6625020708188725
927,111.13003503618528
928,4.227630433659033
929,106.50089544659923
930,301.18137938436064
931,264.473563329964
932,239.5347071534984
933,202.50540286880928
934,141.7049426901566
935,3.2120742212005844
936,5.654280413474643
937,151.08858531540162
938,288.27754247397
939,100.43055110246635
940,152.4101031833863
941,4.689920216647783
942,5.160024742007676
943,5.272180082195774
944,85.25138406058224
945,261.6211339509814
946,224.21084575058015
947,281.3988133722756
948,4.863720132291505
949,-68.13387819466313
950,3.8162862446392145
951,90.5650245337171
952,145.2971621625054
953,194.7011023412046
954,197.557820289304
955,4.092637482422466
956,6.5779625343948265
957,82.40449290149766
958,170.8316951756639
959,222.54015855921585
960,232.7755776891816
961,5.529718298269536
962,6.1456512122474045
963,6.274789207351283
964,3.6994040957066368
965,250.8767103939452
966,47.054059803322076
967,5.833719930477535
968,42.028052214132146
969,141.94912620783776
970,211.56128042986532
971,210.71282961763308
972,144.49577125756372
973,4.96461040452011
974,243.73032674065792
975,161.8245657822369
976,5.2664687228965334
977,-48.195243837129766
978,4.5423333631275895
979,44.907134355590244
980,117.6624958375978
981,3.3220114286670186
982,292.74137017881884
983,73.36347045623066
984,166.5146455213327
985,65.17914259329888
986,227.5359365122116
987,125.46943303775713
988,4.312603070887539
989,59.50533507977719
990,12.914822712168887
991,-98.44516495420702
992,21.45673223891481
993,102.357245601579
994,5.953800868017082
995,78.13540933102185
996,4.853055175577234
997,-27.913095923425722
998,350.4268727541405
999,204.71207109761338
1000,93.45726372407053
1001,8.369140487940877
1002,331.53942344287776
1003,3.8228818730452145
1004,44.15216775598888
1005,293.72157260902617
1006,5.165219492854603
1007,147.55141563121643
1008,130.80490528315835
1009,37.39565474030667
1010,4.872853027621844
1011,238.1528279579213
1012,69.4856499377911
1013,5.665058852446446
1014,231.90965597422993
1015,266.71180473217373
1016,280.9847604893081
1017,256.8065352795701
1018,272.28878484129154
1019,208.16082504875362
1020,3.1296484809083847
1021,4.503157319866874
1022,4.085338321717691
1023,27.963577570216895
1024,5.9046370837636095
1025,3.657574237888649
1026,215.40768487487543
1027,88.03494194242339
1028,172.34028558093763
1029,200.10305470685887
1030,70.41198784382456
1031,10.052705190263868
1032,5.936795479091767
1033,2.899452463917075
1034,50.53354722660869
1035,286.9577152729751
1036,5.791115742138207
1037,4.55021763166836
1038,22.179495530617316
1039,49.36843989410916
1040,272.8220057126852
1041,323.99743084375876
1042,126.73474269636984
1043,4.767419347698272
1044,112.40922979857305
1045,-58.37303568532634
1046,4.45308219053937
1047,267.3175689711509
1048,6.5743706406688585
1049,284.7554224858469
1050,281.6815110412306
1051,-53.252996695822915
1052,285.25925716213385
1053,2.8721163746600515
1054,-56.432024797816695
1055,3.9941328942622243
1056,198.82866286086886
1057,6.359642134930562
1058,235.28776451798683
1059,5.397072348389817
1060,6.971626989375258
1061,73.35139506200105
1062,78.59963440166135
1063,4.241635487851772
1064,103.05770294507104
1065,170.5602952774838
1066,29.110916137659977
1067,8.237305719257467
1068,137.44450151113432
1069,4.849641447900791
1070,137.42661759952244
1071,91.61037729671239
1072,2.530891251063655
1073,195.98098765726093
1074,149.1282623450265
1075,136.21760282744748
1076,232.0372615804348
1077,5.860185784461577
1078,61.63373916000705
1079,114.80817390327147
1080,170.76162493578454
1081,223.45240826891734
1082,157.5308198199869
1083,4.889710369662256
1084,227.9000040013217
1085,94.02454581502366
1086,175.0596045884634
1087,203.9039155409976
1088,65.84352465347236
1089,115.9941237847658
1090,143.57043141046992
1091,333.66003900100975
1092,27.412052769720223
1093,242.7004392876149
1094,2.7332128738212393
1095,305.67514264364485
1096,23.417762634595174
1097,54.698598577357174
1098,5.48357858503613
1099,162.1488828389506
1100,328.0791741843189
1101,-77.25059752875055
1102,107.56631968830844
1103,251.09377042456146
1104,3.113537558780959
1105,2.8806536392729
1106,133.5774399743023
1107,3.1872527729679767
1108,128.79170662822278
1109,23.195388462753773
1110,134.05026533377077
1111,193.0365547271237
1112,98.80322212857976
1113,113.16446087549964
1114,3.8949337277569382
1115,-17.740505658380485
1116,306.38922916777295
1117,42.99634842686871
1118,3.4279941196055566
1119,6.108733048243782
1120,231.42111074887205
1121,6.071703792391094
1122,-7.526021870500781
1123,13.061957129466474
1124,6.106186244065647
1125,108.03808983997088
1126,244.56274637230283
1127,53.0362668863696
1128,175.51652042069313
1129,-0.6145964262488341
1130,2.783294605909007
1131,15.354546115754928
1132,236.06712868982413
1133,178.14450482706792
1134,58.97859707027869
1135,151.2650940645587
1136,6.405943862854922
1137,187.88746234391868
1138,241.49192299856873
1139,202.28780575535632
1140,-38.74737922950797
1141,2.5387127020823397
1142,31.701994909599378
1143,-67.23373829375441
1144,17.489445541540363
1145,227.5780512332218
1146,237.4287433725196
1147,3.3026569258419025
1148,2.779500630199907
1149,4.400558005173056
1150,208.27045541271104
1151,5.978175277934317
1152,54.99327257153067
1153,311.52415950465775
1154,3.6762883353379525
1155,264.81176725922273
1156,272.7882620088615
1157,9.160390455504952
1158,5.036195732291516
1159,337.2066577499096
1160,224.3852712344094
1161,4.060036965899094
1162,48.53652583347914
1163,-6.972161632328811
1164,6.187430996128825
1165,6.81249803207718
1166,248.62822234755194
1167,6.463442565991885
1168,10.113449701181347
1169,19.83449649763928
1170,6.037030394788086
1171,5.985298826516265
1172,253.35732738196765
1173,280.660234319201
1174,51.76928655224961
1175,4.602940836256607
1176,3.9535147833355846
1177,291.18923865116113
1178,-27.965951574129065
1179,255.9017594375602
1180,197.43860968197538
1181,73.68895258522603
1182,269.2375419364255
1183,130.90437366762995
1184,2.6110115090531956
1185,204.8692888038101
1186,2.5298567172131214
1187,216.30752233037526
1188,284.4700053295606
1189,3.053228616132384
1190,-15.227895288120987
1191,298.0592564860535
1192,-8.32202328106426
1193,66.50572894342996
1194,6.684936897121064
1195,227.9716861347345
1196,242.0136720589549
1197,4.865374988524179
1198,257.15497602819795
1199,268.4679975221818
1200,5.196306701532784
1201,221.26299438488445
1202,-28.162615142774154
1203,36.361713951607754
1204,261.0043159637821
1205,5.416256292598414
1206,201.85256309116266
1207,136.61441304326755
1208,19.69583074516763
1209,2.2566440522479216
1210,2.9540759484258023
1211,5.850762706030454
1212,193.98921406954406
1213,248.33693517334044
1214,77.1431443265454
1215,208.95381581112179
1216,179.17547152431223
1217,301.54835231386335
1218,248.51636385438132
1219,3.081536416119768
1220,3.6203711013121636
1221,6.609808764466947
1222,4.086074064771983
1223,210.9424282679251
1224,107.53921516496052
1225,60.524613212001704
1226,6.0983685320667504
1227,13.799565882652798
1228,222.85115199181365
1229,381.19453469253983
1230,257.8958014207018
1231,58.23101120755348
1232,-67.41563176203393
1233,192.85031778810287
1234,150.29369023319106
1235,4.658663162592156
1236,3.2932116069193906
1237,144.0675612902158
1238,111.77223998584331
1239,5.781620850470679
1240,167.32419197057666
1241,68.51455256405478
1242,4.72656313374144
1243,22.94369693623822
1244,166.9465584019905
1245,375.1969590201343
1246,76.09390517924217
1247,41.225861899922265
1248,51.76053416949175
1249,3.9647125467780873
1250,63.66943954359529
1251,5.095788810707759
1252,207.3460145996862
1253,3.9011335123506963
1254,233.52300069278547
1255,4.266284720744409
1256,74.64530711523412
1257,73.8357229518902
1258,299.2484780126327
1259,226.88234015327666
1260,381.0664408105403
1261,3.134898391683984
1262,20.58903327345964
1263,47.52452238024449
1264,101.39258314536427
1265,6.671400283369505
1266,24.300059065030563
1267,165.9364806111129
1268,12.388265787279035
1269,5.343668663726517
1270,3.7355400163218775
1271,108.51598701383318
1272,89.66362611848308
1273,357.35104298018325
1274,36.84797882478789
1275,72.46651295906051
1276,330.1214197994675
1277,173.71361160493518
1278,5.716804599881151
1279,249.57912361526604
1280,3.3439753217444634
1281,4.1737118165123235
1282,47.55809172783424
1283,159.5947835332428
1284,3.544025343240363
1285,234.6946117768673
1286,-30.11896879905037
1287,257.43198593151993
1288,264.6600758817391
1289,67.45017190355694
1290,6.2533454067056775
1291,3.564282591200892
1292,160.73826568002644
1293,219.49656375160853
1294,222.00358938619382
1295,97.16977679633024
1296,190.4230414264387
1297,5.4509780863748105
1298,36.83306054092893
1299,3.9632056141398717
1300,2.482785516904027
1301,99.13102597841639
1302,336.4453794077558
1303,182.25736532803376
1304,5.564815724826934
1305,3.3651159313452137
1306,6.522603025204948
1307,201.83382945017954
1308,220.86524115702343
1309,106.83720407060721
1310,59.14424325682559
1311,32.73909300311264
1312,5.783474268753466
1313,5.815042582670946
1314,211.98408291959348
1315,49.61760302002034
1316,2.4751926955604944
1317,4.029739378059427
1318,6.487646109988531
1319,231.59353830989713
1320,3.797405694712922
1321,6.443372925431673
1322,3.2019466866576547
1323,143.17912516924054
1324,1.0984954460325804
1325,1.6461829045134495
1326,23.16777584783148
1327,2.491553901696677
1328,292.2125309835634
1329,24.69588712438633
1330,4.180414345204264
1331,5.030288764440014
1332,3.436171062051458
1333,2.5291725111417187
1334,33.58297778216878
1335,222.77424895597807
1336,2.4735573758508016
1337,197.38308438307772
1338,-5.093436938173585
1339,34.99637231451287
1340,3.2033896251456433
1341,77.4324256034528
1342,75.36186873111973
1343,202.41632346561767
1344,192.72685356790265
1345,29.71008482456995
1346,175.35738127202097
1347,60.64235290658917
1348,303.6731088181143
1349,6.602585815590839
1350,160.8560437407627
1351,231.08245956974284
1352,136.91608883968104
1353,126.07412631584725
1354,-38.80440340247266
1355,259.9066258351382
1356,265.793828854258
1357,74.66737822949
1358,98.86085050935708
1359,4.705604833705212
1360,26.297134672695364
1361,5.907528535403329
1362,4.58629858579842
1363,-13.934179818455487
1364,57.84286759614329
1365,270.9745721425402
1366,311.0134003695175
1367,91.89116621908992
1368,6.2954103725098065
1369,118.15145311108151
1370,6.619407152403412
1371,3.6107626054639623
1372,13.848272163664106
1373,187.8732946422517
1374,51.32136566177667
1375,54.98472492534036
1376,144.6757117280738
1377,210.91847207813544
1378,27.524572036416412
1379,285.3644579601836
1380,2.373103788844838
1381,4.9460510264791875
1382,70.08709548259387
1383,2.1822523248791317
1384,361.0913832584528
1385,25.44466374696615
1386,6.55874471411715
1387,70.22408592110048
1388,230.01373067928722
1389,5.900157868120141
1390,304.5528712301731
1391,6.2689029981893025
1392,26.68624195401537
1393,55.24623734381572
1394,4.159051096704605
1395,203.0750191965248
1396,4.102554828410143
1397,215.83654860113646
1398,72.83661215992694
1399,48.11173545001398
1400,6.327417458399522
1401,197.7143418479917
1402,26.049869014985596
1403,91.33586030991434
1404,23.730351959958455
1405,6.8088748159055505
1406,4.909645753635749
1407,263.8027348836695
1408,45.54171116999366
1409,266.16632066595184
1410,3.757298645010171
1411,215.51641692279708
1412,2.639574886069788
1413,4.874901427748456
1414,219.05923082309315
1415,173.7489770189323
1416,108.09680610550808
1417,252.17105589688407
1418,220.87755445142017
1419,4.282189425430557
1420,2.520016931610941
1421,159.8564595004899
1422,5.380581502457591
1423,110.6514665823751
1424,132.9483481288516
1425,83.54242587110645
1426,-11.613988059676412
1427,1.983948018640385
1428,227.558958939609
1429,337.372394960895
1430,5.5813363210642715
1431,76.5769540099551
1432,361.41257459260214
1433,-46.21458741779813
1434,206.48906601890417
1435,140.16731517049237
1436,189.203549410347
1437,35.66604368850626
1438,-53.00057248031315
1439,278.5507657910247
1440,133.47082233013003
1441,122.65358860366248
1442,27.434758508473934
1443,50.5856367514184
1444,182.8158113743434
1445,74.7656679196224
1446,2.220419024399015
1447,53.509598527374905
1448,138.69943049172804
1449,6.688249982667843
1450,6.4013513195361105
1451,4.600989110897579
1452,114.8790971010703
1453,28.7476705695585
1454,4.118796166069623
1455,79.56320815248486
1456,160.46054702474385
1457,27.867625681744542
1458,4.909880325742531
1459,3.762403200573047
1460,2.7941638034369713
1461,292.88124444992445
1462,34.622497970216884
1463,59.31471574961883
1464,6.031476089044059
1465,-43.42670416876708
1466,-15.045059033797624
1467,-66.16405656919105
1468,151.71077965663795
1469,194.86130512062965
1470,163.90826064262154
1471,203.92858639881462
1472,228.1630475300908
1473,6.808745224807098
1474,199.50276689864444
1475,88.14916139204227
1476,3.696276807963394
1477,211.66612053543903
1478,79.64407553451959
1479,5.88532638239872
1480,3.0849455965696055
1481,203.4927041926826
1482,51.51601787584519
1483,140.7234253123347
1484,32.54729150647318
1485,3.942242795004322
1486,178.27087789408273
1487,65.00124532964344
1488,121.83441059429452
1489,76.09698750207912
1490,190.39369587069996
1491,256.587234254287
1492,25.79622400228375
1493,309.1506190436588
1494,40.140663947911975
1495,-32.44600962313662
1496,27.300505565211427
1497,55.516052379557564
1498,3.2612937893038683
1499,35.014955617659325
1500,309.40412669456043
1501,4.64457105327117
1502,3.761503837864203
1503,160.31614422761908
1504,3.7401247424258193
1505,117.68700482558017
1506,344.558008119252
1507,176.91185325455427
1508,70.99213537213313
1509,2.830712556520383
1510,75.7428881340933
1511,261.05386206245066
1512,3.988586002019751
1513,3.763529637056057
1514,52.081637278009055
1515,3.7563054253010724
1516,91.99633901624466
1517,170.15281446958687
1518,2.3767112517152076
1519,-57.73820330553234
1520,366.01526710586205
1521,5.372640964996263
1522,2.586511434080947
1523,27.603496657736475
1524,21.9340519630223
1525,285.5839998180134
1526,60.98055174380498
1527,120.01108495111195
1528,5.2466697476430735
1529,3.6929936028255863
1530,60.50219112834259
1531,6.420612828032954
1532,116.40913919823413
1533,6.581291480385069
1534,150.30584764407774
1535,155.9005474212973
1536,-49.976331954918635
1537,80.30683519496418
1538,214.96271235197787
1539,55.66345645198315
1540,100.44810401892533
1541,61.23181775263049
1542,3.1740417780975205
1543,1.5056734149597402
1544,75.10098734984658
1545,156.6314775816715
1546,252.4640560823107
1547,5.344945451942991
1548,2.6948510313509093
1549,127.1934269199914
1550,6.02131309355592
1551,77.59286690681768
1552,3.0288459753325836
1553,26.34770667032393
1554,179.45610847204162
1555,141.6685474069882
1556,100.21040734036893
1557,-25.500294825063392
1558,5.720201306954975
1559,4.549172898165082
1560,3.270764741553081
1561,64.20608035111331
1562,201.39086980820463
1563,159.1581256610404
1564,3.071974605340612
1565,223.74572437359876
1566,254.22263833874433
1567,261.8640000014537
1568,6.610850749880914
1569,291.2826217897576
1570,2.8207404188136387
1571,302.859069758145
1572,5.828779945868838
1573,2.8955324321119695
1574,140.20145293064857
1575,46.68246329986001
1576,237.26231871432077
1577,171.53541891028505
1578,-1.74373960464442
1579,108.98703102029306
1580,62.61863041184693
1581,83.74161686301652
1582,-46.28542038057307
1583,3.077421439807024
1584,189.66886484591043
1585,19.89806194149983
1586,7.029152738773594
1587,62.60644275781876
1588,146.47139000181636
1589,209.96923373249538
1590,55.463222446513015
1591,6.614074946480677
1592,6.387706352733897
1593,4.316929417093785
1594,107.34556578037262
1595,2.594765245410792
1596,101.86107687276444
1597,4.873965670324653
1598,176.89071620865127
1599,53.04869171915321
1600,6.074763561161408
1601,6.100232800902264
1602,-0.7678962716092447
1603,64.52733162191159
1604,69.11963343956441
1605,2.6127185923900687
1606,48.987611913832
1607,71.16866491763702
1608,6.422825266503773
1609,164.8511801545945
1610,4.726032165147057
1611,5.859054872928187
1612,219.95752937558103
1613,272.1322376728931
1614,343.0745575629535
1615,221.14797137266748
1616,3.7641657204934162
1617,137.6925320465864
1618,120.7232321421376
1619,330.10765662861263
1620,48.65638274697211
1621,170.96628021165728
1622,2.9943303546059727
1623,30.442461047120325
1624,-28.869664902318853
1625,228.9640323593811
1626,268.0490415334674
1627,61.66356252521874
1628,51.12088390494857
1629,56.906998352077316
1630,6.640271346177419
1631,11.731470476178753
1632,5.289605342614459
1633,71.05741289644001
1634,179.62814375055754
1635,2.977307086416201
1636,2.776798147551296
1637,6.0361960738900144
1638,229.41070453357406
1639,-9.114624960533448
1640,-35.96438092773168
1641,5.10474334010061
1642,6.60508857415711
1643,3.0732233340580075
1644,3.4856223806959523
1645,63.34382348139323
1646,247.8404779786519
1647,196.34471825481143
1648,57.38012243306099
1649,143.26924687192184
1650,3.521995539985264
1651,4.6782489377132395
1652,1.8642110337799642
1653,121.48332990342553
1654,86.06006499729051
1655,12.281862702197389
1656,320.8833867005296
1657,5.8542529890096855
1658,53.59170677790782
1659,3.183376936746578
1660,5.565209952423459
1661,5.657452908361833
1662,5.442830938053438
1663,46.87466825467256
1664,132.11191404150486
1665,143.83182133978747
1666,170.95001919669232
1667,4.81204613069806
1668,-55.044912370297766
1669,6.60517814231773
1670,193.08365593204567
1671,357.08974526395974
1672,239.87937625641615
1673,3.966538717213115
1674,5.796614272599189
1675,15.210662235034386
1676,2.5603547898111465
1677,120.15420818049422
1678,80.7712878775447
1679,3.1088861103552765
1680,3.5892424431975547
1681,3.1369514966124363
1682,291.79726815458883
1683,1.8428783733187308
1684,6.233747786487155
1685,78.17273806378819
1686,143.9997953612885
1687,256.0100932860998
1688,63.23470925315156
1689,196.18295893924324
1690,266.121012659233
1691,5.882779012176507
1692,3.8296428823473283
1693,3.3591542847867304
1694,3.8981619611473524
1695,6.253597299686144
1696,149.5575188301483
1697,42.60612417855391
1698,98.28952902983298
1699,79.71406344625018
1700,39.10792228371016
1701,5.799480927552458
1702,109.52470889348325
1703,16.876696109618464
1704,55.2394301629851
1705,106.75010400182136
1706,4.26054735467016
1707,100.82699050319849
1708,2.624868395665101
1709,76.71122595824662
1710,404.77759018495186
1711,3.1914567807538106
1712,134.63685161293458
1713,4.598278627216759
1714,6.430915524315655
1715,205.8473314329333
1716,144.42701520649197
1717,171.17781272160886
1718,83.16641012631666
1719,311.30391101590243
1720,58.947011111631994
1721,-38.63565460770411
1722,302.62688723522547
1723,311.39222119861955
1724,97.46249609360864
1725,5.807279742471356
1726,-33.046227111581004
1727,3.294319084844889
1728,78.25213773893694
1729,5.838688929635984
1730,32.55616970438357
1731,100.74428281463017
1732,56.16209983690176
1733,323.45863323717924
1734,1.6626919760670325
1735,154.9882962712729
1736,255.51050677668155
1737,6.29524099092462
1738,172.9359781951575
1739,76.61299718024506
1740,51.71286725583282
1741,55.016804644422024
1742,107.984455801125
1743,6.503880782593669
1744,4.536742126900194
1745,4.079066857657357
1746,93.22875629532624
1747,28.997223379400616
1748,52.18686110398349
1749,268.50904914966327
1750,3.4136588427760124
1751,220.75228874704885
1752,75.32270282570695
1753,64.73348844598806
1754,4.393889377884392
1755,99.6261147935644
1756,78.81557651549473
1757,64.35151330057536
1758,4.198138797411233
1759,3.065280616002699
1760,2.7466491159502797
1761,148.1394736767635
1762,3.7393537296536485
1763,2.0329732051001725
1764,272.3968048543733
1765,115.46169757773977
1766,130.71914979509083
1767,98.18720683222494
1768,3.9439699191197795
1769,78.54724749668236
1770,35.33290270855034
1771,6.654808055575129
1772,243.29874963041516
1773,4.663276245014934
1774,5.407709117258735
1775,332.82976384586095
1776,4.607522743004251
1777,340.10560423035554
1778,2.6909363935525628
1779,225.21836614561985
1780,262.93407631338937
1781,124.65549254464256
1782,265.4386798344347
1783,110.81582943935427
1784,113.39263151626676
1785,1.8754286579745885
1786,149.86445175054888
1787,136.77494951418552
1788,6.90232155813761
1789,-46.68701239397645
1790,6.124998325414482
1791,47.64119535246232
1792,219.5100926599961
1793,2.811793592603884
1794,5.928945183476882
1795,26.483025268973826
1796,-28.471433070397026
1797,107.66216757058419
1798,5.229983324870247
1799,101.73392691456348
1800,117.84550451859593
1801,4.313669566650068
1802,126.88871562832179
1803,265.9554716953727
1804,80.61584052583666
1805,5.904698101791304
1806,3.0692834713298986
1807,4.01595923620347
1808,-73.33472407870839
1809,2.2881101599093503
1810,6.463562854399021
1811,-27.863444645715038
1812,119.03804470908652
1813,136.90470899226864
1814,273.7947051541678
1815,271.5750577769088
1816,110.14245178028739
1817,181.40167113684538
1818,96.42732101360073
1819,5.822063846441255
1820,223.49826597857464
1821,192.32686505901896
1822,3.150855876802617
1823,5.7191424897650975
1824,2.1934843841241563
1825,56.95335747527379
1826,232.76642237729436
1827,273.6194317949613
1828,3.312943961892087
1829,62.71573228409053
1830,103.92573457318642
1831,103.64715163610671
1832,6.559691284363318
1833,71.90150356824145
1834,190.35369005535415
1835,209.73286720376157
1836,272.5168759877042
1837,251.51297642971252
1838,143.8979267016964
1839,56.860097405718975
1840,84.36631037149799
1841,123.91268551952629
1842,201.27168811778554
1843,109.33564438125202
1844,1.5146317773848397
1845,-2.631154534264696
1846,3.666445040276074
1847,168.62824781996096
1848,162.08933344278003
1849,72.6900906304536
1850,4.480136891525205
1851,272.461075217252
1852,350.9021185865636
1853,5.875933290809825
1854,135.93190261604906
1855,269.14062678314014
1856,114.60811236272758
1857,299.02401811808693
1858,56.41058949093795
1859,6.489087691820773
1860,41.502182648954616
1861,188.23765718389888
1862,2.6155091631459877
1863,196.3669664865669
1864,3.0031319970643953
1865,127.8036294992423
1866,216.18961840253644
1867,2.2000684026648685
1868,277.1215982014006
1869,37.8136685132324
1870,39.19397348798864
1871,6.535753342975957
1872,191.21049916325143
1873,135.61612757210514
1874,229.03333444029556
1875,2.057021569258186
1876,2.3122324291549488
1877,206.3235159433127
1878,133.00972002868616
1879,227.41023579076273
1880,155.1508744949097
1881,2.179885934424121
1882,267.0587328376303
1883,3.070570948821832
1884,-60.01277319258135
1885,225.9604007392133
1886,6.58691498975382
1887,132.10057703129965
1888,152.30442718995118
1889,9.373941416487831
1890,2.752916914981779
1891,237.4082361969233
1892,2.3991188138332564
1893,150.82387290765195
1894,5.76489143306493
1895,16.00690012282193
1896,259.34679169519086
1897,220.76998321113524
1898,15.132158443369345
1899,5.439421753401708
1900,6.513533231735782
1901,270.3524688734259
1902,189.01886217484162
1903,272.0710809271401
1904,-34.10964978327606
1905,-32.19702530551285
1906,254.24713315372676
1907,3.0101000073795268
1908,-1.0350809281954056
1909,245.9689561072018
1910,5.999014021921453
1911,2.6062055174260834
1912,273.07352561060884
1913,202.49042423000424
1914,146.6922929506265
1915,7.356771144797035
1916,4.8529854592471064
1917,169.81793203453358
1918,237.65454615881242
1919,26.27508160544938
1920,98.1636875789178
1921,66.6523302332129
1922,211.7065658622636
1923,78.00609229577975
1924,4.692850943303268
1925,120.413693284874
1926,6.4935946997369465
1927,103.64009986278026
1928,6.054390307410165
1929,105.09643246728056
1930,181.1901679776097
1931,5.786717258198939
1932,-57.42115684339938
1933,3.4557409362298728
1934,56.588652697130954
1935,216.15362585818593
1936,103.5266395488797
1937,93.187924573277
1938,80.48930960183326
1939,244.23789424449163
1940,307.31197993479975
1941,98.4250284717911
1942,210.12029385476492
1943,4.223860899420333
1944,217.26886585061214
1945,70.97676478968367
1946,257.37182108973644
1947,295.4631018750715
1948,153.90979310512034
1949,316.82505759272834
1950,3.9260121247064594
1951,6.314660678132677
1952,102.25762186484991
1953,5.697062437701911
1954,319.81057868025425
1955,1.710231350059928
1956,4.027485990212868
1957,5.869215576083764
1958,74.91483379800997
1959,4.2693742319835675
1960,247.8395024754709
1961,-45.69364373294731
1962,9.478286535731748
1963,64.33790928723943
1964,70.34884165712825
1965,32.64529483484763
1966,245.13788813124984
1967,65.04600015790005
1968,143.3816530507885
1969,85.98755079037761
1970,300.8516136088304
1971,112.49383080593591
1972,92.75921829285471
1973,1.9284930498486947
1974,369.15053600978433
1975,35.52066376178402
1976,4.092454797403373
1977,54.24828536388658
1978,6.295821827732587
1979,2.770645515611646
1980,-4.528025128360013
1981,5.695335385467894
1982,22.191764458582263
1983,159.77481959027222
1984,60.7560049730797
1985,2.6693927495063923
1986,3.4106502067348683
1987,178.94387016130938
1988,304.9459597897019
1989,263.50861740226173
1990,5.134140617725469
1991,112.78127559783516
1992,32.206257004613875
1993,6.6742005520387115
1994,3.1737552815757244
1995,329.2789633724136
1996,3.2370965460960215
1997,-20.294182054973767
1998,47.89356147344484
1999,42.8449223878486
2000,135.39184042058412
2001,113.20956605316027
2002,147.20565478979256
2003,6.660340193204592
2004,274.97508607285994
2005,283.63685669904214
2006,6.0183212724835045
2007,7.668285915133063
2008,3.607551810111163
2009,-12.071569507278983
2010,116.27602643461273
2011,21.016415483138772
2012,4.556126003133208
2013,315.15343257519953
2014,146.70903617467997
2015,5.467847229343409
2016,4.468860277886161
2017,5.812507668258096
2018,2.895225044509235
2019,8.9115362523267
2020,140.85025404324506
2021,361.8123761179478
2022,5.197602264801834
2023,2.5471265445634987
2024,5.530282815440465
2025,3.5258627825308624
2026,-66.45020611653158
2027,222.36663562291065
2028,3.2149146187541455
2029,4.910346729329624
2030,43.771809773770315
2031,3.810420445649526
2032,46.03455847282072
2033,59.0206642244859
2034,6.336808946279907
2035,145.2703313546529
2036,77.50662943458428
2037,191.10387772636193
2038,76.30697601347873
2039,133.39100496623422
2040,106.6080715445508
2041,3.456708530924923
2042,69.28119722031843
2043,132.31545492220042
2044,70.59372546974588
2045,-16.81225728632433
2046,144.63957173562517
2047,3.0129625407050495
2048,370.1031866491002
2049,260.6299374736554
2050,283.6531736950211
2051,231.31813273269395
2052,220.56715148507507
2053,6.0459268889099
2054,299.802679494533
2055,6.624546495270676
2056,4.860503927794285
2057,63.82299771351525
2058,-8.011441751442849
2059,4.702285424397752
2060,114.47103888255947
2061,5.872946273792834
2062,3.1114698112572636
2063,3.630348110497803
2064,4.741544737188827
2065,68.65549466222615
2066,64.00983155593275
2067,235.19175108957148
2068,128.41053529948388
2069,273.60260054207674
2070,3.1296471822724232
2071,5.755845029664837
2072,148.37121251773718
2073,91.01969169452495
2074,135.69800703063407
2075,162.7807936977624
2076,29.138861208464387
2077,4.415277806931966
2078,4.8085539960360055
2079,48.66874829106369
2080,-42.85677922682905
2081,161.36599895717256
2082,93.2561457657557
2083,115.29040388463625
2084,4.7482085138742
2085,148.19875777437238
2086,-18.888207720222987
2087,118.25690185958274
2088,262.46630149016016
2089,5.312927066105137
2090,270.1312992491819
2091,264.3750031712217
2092,5.4975679799920965
2093,5.927527589448889
2094,239.81075164791383
2095,6.571047700515692
2096,-54.8237535098219
2097,121.95101460862323
2098,17.000604148715944
2099,7.699721364184417
2100,-9.534639619868871
2101,313.1340863646001
2102,2.6354145863246448
2103,87.51808008405845
2104,126.78452426226539
2105,3.6673966706631527
2106,68.86506120308997
2107,269.55226737428416
2108,5.185807260925441
2109,152.2277749178894
2110,299.0783828320076
2111,117.09781946178619
2112,51.57582501046038
2113,6.215992520050629
2114,226.10062679129956
2115,62.96306684873261
2116,4.718211339363224
2117,264.1889429492642
2118,5.310203810621763
2119,6.159256724700966
2120,44.726291964523234
2121,214.31095951943598
2122,5.678082818278989
2123,2.632584654391011
2124,338.64818321244434
2125,267.3344261729575
2126,212.89793757398365
2127,5.4478337576807006
2128,6.432596499442049
2129,151.060103635151
2130,229.0125558223089
2131,142.8498914588178
2132,3.8796670037952454
2133,258.9314235016965
2134,162.07794526656923
2135,2.966343883984125
2136,114.22743443368759
2137,304.013094081066
2138,116.86145943929381
2139,-20.033069610988683
2140,3.1111854554457095
2141,9.23446455325072
2142,5.896600864931829
2143,5.921130699374013
2144,141.07737486182108
2145,308.1300455083581
2146,358.12036736236064
2147,-48.003005983098134
2148,46.800740457114685
2149,287.14511925021225
2150,5.795598358084245
2151,5.9001720327249325
2152,303.19981410755884
2153,6.185461930705766
2154,-19.57924918176657
2155,8.33212351198911
2156,261.73494155567545
2157,5.676234441898948
2158,132.81978366629744
2159,197.96342176925367
2160,201.41894804613244
2161,5.921658954089702
2162,2.9508272274835363
2163,182.8400004769967
2164,43.760858729317945
2165,282.8416109663287
2166,5.009587924758252
2167,45.82155180451278
2168,6.207479815568043
2169,171.5249776640457
2170,52.4104416737065
2171,4.543782001383164
2172,202.02335854446716
2173,74.1467441201297
2174,247.33978665480169
2175,5.7847755544298085
2176,60.147591538051884
2177,25.52759035210945
2178,-16.59611117232255
2179,3.578263076514558
2180,73.96546322188323
2181,258.2886436724224
2182,116.52905361560511
2183,5.395912632589097
2184,149.39054145979145
2185,-35.41099450979967
2186,126.55473840574209
2187,6.6594141997196665
2188,5.848448930005346
2189,71.23616541662875
2190,168.11269885418756
2191,28.302697467626828
2192,24.162834654984465
2193,266.1342404634482
2194,27.79386265285638
2195,5.73387086033425
2196,334.18746062214495
2197,273.97169343652035
2198,2.901060062231099
2199,219.86455944828316
2200,2.36819227404395
2201,2.847412210364597
2202,127.23187895358848
2203,237.93101811651542
2204,234.82764709683377
2205,3.7381384235050605
2206,6.356011953976399
2207,-73.51274962262889
2208,4.364560138447146
2209,88.09648157680721
2210,236.31800105261064
2211,69.02293638182456
2212,23.659892597151035
2213,6.597947174359625
2214,-51.77224065234027
2215,3.6996416456233048
2216,120.67251379831038
2217,346.1701009649691
2218,230.72327099099624
2219,35.82441365953077
2220,322.05743752238413
2221,6.331139132580443
2222,-48.71234662978231
2223,148.0693122620246
2224,271.1633435612147
2225,241.21288427726762
2226,4.087205868638725
2227,114.19820566779126
2228,162.8338993769625
2229,2.477780974603716
2230,5.960458775072919
2231,117.73070366181588
2232,70.3290553713521
2233,3.2772836746067577
2234,5.962987693426603
2235,-60.952458308137125
2236,206.63035873268598
2237,373.4137151657617
2238,321.13941624475854
2239,4.8072665792142235
2240,57.80010456907367
2241,91.07058433388846
2242,282.44025232885843
2243,237.84161817633398
2244,112.23956964928142
2245,5.1134735831549785
2246,6.374425513376799
2247,-48.87485207574782
2248,-6.065690832795287
2249,6.347062241483478
2250,192.11421179167763
2251,-37.131996656645526
2252,3.02814274057214
2253,264.5769396089629
2254,2.699106944179369
2255,221.5084207765949
2256,112.65102034083773
2257,165.23340028504612
2258,142.56011489401095
2259,244.54311966216372
2260,4.9314751283411535
2261,5.086532540158537
2262,50.780904831101054
2263,2.749779659261078
2264,-60.77092501795303
2265,4.930992964650276
2266,285.70159515354703
2267,6.267971355034309
2268,38.68660474545149
2269,2.9344284661487174
2270,77.03375794199138
2271,16.36390991409406
2272,105.5589200446758
2273,159.96317104696365
2274,279.69739296827004
2275,240.07887198235306
2276,3.50718478703922
2277,89.09444628257965
2278,235.34371391943003
2279,3.2966188044264966
2280,238.88284964500468
2281,5.520748197001565
2282,27.13812265904154
2283,6.365104650698234
2284,3.093748527623485
2285,2.188330077716651
2286,4.2707883887242
2287,2.89977616425924
2288,6.589684227286321
2289,6.9067246212368465
2290,100.92409909514879
2291,261.55201749696215
2292,183.3112167427592
2293,15.025110874017585
2294,135.05755804829295
2295,4.258143794584079
2296,6.574253316816032
2297,3.8072426601281424
2298,161.58656069703753
2299,5.909423522334701
2300,109.61463201756547
2301,5.88134259976262
2302,143.97095391447272
2303,101.81087015373546
2304,3.4624786036979227
2305,6.535964791911216
2306,110.09928369227
2307,128.33589746195665
2308,64.75582974682229
2309,10.482925910949817
2310,137.65737377038673
2311,80.3864027824174
2312,4.0981493777519225
2313,163.89551260413668
2314,335.26803867706315
2315,0.48380680938501597
2316,2.560495427398592
2317,273.92990425959016
2318,-37.66539444382826
2319,119.97527131351347
2320,148.65581209244777
2321,18.710280499108773
2322,240.28569487736414
2323,57.59006480689075
2324,113.52874733017367
2325,5.798148259415813
2326,4.505953851056835
2327,7.116820945477848
2328,4.605828632732537
2329,135.75865861549048
2330,202.79732130569965
2331,4.719987390856202
2332,186.90964735971409
2333,235.18104739639665
2334,35.86743981527569
2335,336.6281812524775
2336,109.61625954566955
2337,2.339316720337145
2338,190.06963579808308
2339,51.374611707805734
2340,111.92350189787365
2341,313.2344315191564
2342,68.34141087859516
2343,2.9625957090528674
2344,-63.14684403507162
2345,172.46624876156298
2346,6.363347597599199
2347,57.26713947691348
2348,3.7657816117863607
2349,163.9876510669022
2350,239.76359928634088
2351,3.8313701767548736
2352,4.874806274258507
2353,307.87277984974264
2354,22.90873308534443
2355,4.154813894907917
2356,6.164288929720879
2357,27.874477667435432
2358,98.85265121351654
2359,19.033231044396175
2360,3.516218339094691
2361,221.87415597426855
2362,79.06664229378131
2363,307.41962322582276
2364,42.35126535417646
2365,-86.61910049915753
2366,227.2037010916692
2367,3.2316334905866846
2368,119.72869486565392
2369,3.3302190492452635
2370,0.6212826890986602
2371,245.58415686520155
2372,186.13205368407466
2373,1.8688639094560326
2374,11.335462248330256
2375,88.45184850658859
2376,5.766508724002496
2377,5.293261887459524
2378,5.925043707135607
2379,77.46708705316263
2380,318.8938325909586
2381,221.7286013165312
2382,34.85732606964923
2383,54.00086884931281
2384,5.828393274565908
2385,112.54620558141826
2386,6.552582608368759
2387,6.645900072396941
2388,4.9170045024681155
2389,123.93283183171867
2390,198.7754444118736
2391,6.232991725171587
2392,5.987965498455459
2393,238.28606101088826
2394,78.66227603873645
2395,2.8921291586226516
2396,268.16793400163147
2397,5.4112433538570786
2398,4.355334797399399
2399,19.801630681640646
2400,6.07868580417054
2401,305.6798108160307
2402,225.61480992339267
2403,3.4673578229193205
2404,245.38174901146553
2405,71.79754903932567
2406,5.799255202756493
2407,6.98054728242502
2408,-10.12156975846418
2409,3.1671235737455232
2410,111.75845428637632
2411,179.2991146135749
2412,141.08669676064596
2413,5.516865028783341
2414,134.61784035976854
2415,55.258056669077
2416,78.02293805645118
2417,311.0923625369958
2418,210.81419237952042
2419,3.0031047840037024
2420,0.22423015331129914
2421,3.175605299794648
2422,252.35820708434682
2423,-29.50964984630379
2424,99.94342654735581
2425,154.1447845411356
2426,6.402678533089741
2427,5.958101736004476
2428,4.416161803286468
2429,287.04983346651414
2430,197.5410250379304
2431,92.53938242213167
2432,5.4774132302429726
2433,14.651935146732164
2434,3.88219275246325
2435,269.01331702421237
2436,95.34065085128324
2437,161.50103234815106
2438,357.80603084019447
2439,135.79874285372352
2440,64.19797621250835
2441,99.29300813911132
2442,2.5268548356138636
2443,3.469100281440177
2444,47.14895992368609
2445,234.17685648439635
2446,4.238384015867359
2447,209.25254115142502
2448,2.849227913837809
2449,199.65030334562186
2450,333.04871067914746
2451,160.9886483495728
2452,78.82808932929636
2453,-16.22070366869948
2454,204.0472467928182
2455,186.35568513135826
2456,-34.854379828944445
2457,64.05514126676042
2458,-44.634302718714395
2459,90.9719922985186
2460,17.098038002288312
2461,6.270654142614443
2462,90.25259760890202
2463,236.15595432978603
2464,3.1948940075874592
2465,-65.94683722667003
2466,-0.18933587639499255
2467,-11.251017223583048
2468,318.7995154842895
2469,6.398753615529753
2470,13.799565882652798
2471,3.649359409057345
2472,218.68419088741177
2473,115.39858648914648
2474,3.072283727916205
2475,72.48873533966142
2476,6.999125899526601
2477,140.3257919583233
2478,4.0979974821517935
2479,3.5907675013508484
2480,305.11307021822313
2481,6.508614994964509
2482,93.9083053164736
2483,6.301279776630643
2484,3.594020809229835
2485,108.69392395318098
2486,182.49585585859793
2487,91.51096172296761
2488,6.743374365980828
2489,4.192812175766461
2490,64.64909659220262
2491,169.00271381347494
2492,2.4579922728723433
2493,213.27336861672455
2494,43.02577548139274
2495,228.04730696446074
2496,31.4554330190632
2497,123.99181561868932
2498,278.32826200282096
2499,119.42172127549819
2500,190.1661726408513
2501,7.514411624882485
2502,216.2264405281382
2503,108.86408780103382
2504,6.187708480810704
2505,229.54392190595703
2506,28.127135451975057
2507,37.35168291125552
2508,269.406512266642
2509,56.70083027111684
2510,121.65402151891166
2511,6.200865923366395
2512,74.11428021031197
2513,3.723816586317252
2514,5.9488321792685745
2515,5.408083857838992
2516,169.12796805703454
2517,6.9636624924945485
2518,2.3775192650323986
2519,5.924049425949419
2520,34.357486706442586
2521,180.90689449321482
2522,61.93684680748326
2523,3.4792081084578665
2524,231.6488189155237
2525,260.4176396898915
2526,224.08708090028395
2527,75.5245139247279
2528,336.3936670643861
2529,170.97252608332047
2530,3.0210724008503815
2531,244.48506739717942
2532,2.8802766143306204
2533,29.980539604470053
2534,12.542245856147996
2535,2.5674680630865865
2536,189.39324692466053
2537,-4.317334673316638
2538,265.4611574674603
2539,243.14573763356077
2540,166.3100525653774
2541,206.34997249750649
2542,4.966499931272056
2543,259.06526195330764
2544,138.0003349062302
2545,2.7056105670904067
2546,8.596481247743766
2547,136.883238478465
2548,4.741661909563005
2549,234.40181337084704
2550,4.814911220756537
2551,307.3569030460541
2552,2.0557748213602896
2553,260.4652760850082
2554,71.70090922606472
2555,291.4277696841363
2556,5.8120696117534765
2557,131.1004792359119
2558,140.79475349487709
2559,8.683222837222973
2560,220.34778312637457
2561,41.38908750267626
2562,134.66127359496693
2563,-44.40299612878063
2564,140.25430553774592
2565,4.030616118521662
2566,2.4636990327902244
2567,329.2013743986563
2568,6.494742801927007
2569,-36.43500947335155
2570,97.05827924556209
2571,168.85315426048032
2572,62.498891174417466
2573,179.93736703583977
2574,207.32364870961416
2575,175.35679495734377
2576,257.2930866271554
2577,30.602995329033295
2578,271.5862905200888
2579,66.8774892607621
2580,64.26496676126018
2581,3.5035826155842313
2582,3.443762288759604
2583,238.01228293536764
2584,18.606413769844032
2585,-39.44725694712858
2586,-14.982588795795756
2587,3.942219952051712
2588,2.8001235144420087
2589,241.35595673878709
2590,299.60674079378964
2591,35.37573824868917
2592,2.9487458942589324
2593,6.80053440563254
2594,173.96671263867557
2595,115.08046240747998
2596,34.16462887113548
2597,60.703443285370746
2598,121.50039037618103
2599,3.231152910690906
2600,150.61099714908744
2601,6.780987522370774
2602,48.329843466817024
2603,224.90742631651818
2604,3.6068070575750575
2605,6.624430975266362
2606,3.6712695855395205
2607,45.25831463857644
2608,5.182406420459895
2609,3.8570536738740886
2610,306.45875054706465
2611,301.7608331570539
2612,2.7997065607966736
2613,115.36887390491782
2614,4.412566110127827
2615,124.13002750097799
2616,2.6070292958651193
2617,2.449104227925182
2618,271.4374361138953
2619,75.39192715829961
2620,5.188466290474841
2621,189.01757901064855
2622,340.7621895500663
2623,208.71114174588325
2624,237.6721578008453
2625,-0.05346725875275449
2626,208.1508682621633
2627,3.8197501420100752
2628,64.20670100967993
2629,217.97158961786815
2630,4.86789180833653
2631,256.614465932801
2632,150.0808493941575
2633,3.949186646108608
2634,150.23357083001952
2635,5.760464772157893
2636,296.4120121260978
2637,312.3798373961589
2638,206.32073604514545
2639,175.21163997261095
2640,127.67500077965971
2641,177.0649535898982
2642,181.91959620277163
2643,225.73781425464915
2644,273.9158090826155
2645,71.39386936385351
2646,4.241344437625683
2647,111.93083924594333
2648,4.553021598756752
2649,151.66618271944424
2650,228.07229401417317
2651,263.2436942039212
2652,281.75564676636293
2653,73.18982726104807
2654,240.43545107141944
2655,34.62323309076895
2656,159.32840934370682
2657,81.94601675440946
2658,4.091155616574495
2659,93.59982955353169
2660,17.399080188754905
2661,3.327969515849552
2662,2.1812741512791782
2663,166.11989626634687
2664,10.07209128442284
2665,131.62589373308202
2666,139.86969303129663
2667,6.184093989058646
2668,38.720385343487564
2669,-9.947358041435239
2670,300.90042875994646
2671,128.9534578790569
2672,5.6825289725967405
2673,6.008909988048127
2674,3.1410690669324035
2675,144.7972633606492
2676,225.4806017300197
2677,6.3055667888243
2678,3.7889672569294066
2679,1.7827807480456626
2680,212.29007906565857
2681,347.37402810986833
2682,4.547539991296871
2683,5.549315086903917
2684,200.7669546580966
2685,168.3314603203277
2686,2.8063536167570295
2687,320.0756702074914
2688,3.9599944429652796
2689,-22.787272271109764
2690,2.5818037656038655
2691,214.43997607297473
2692,5.798762796336318
2693,182.16924308913087
2694,3.7521487746043265
2695,1.756423321563676
2696,135.8571641857256
2697,2.1879913974198493
2698,125.88010554775515
2699,3.619083509647238
2700,3.57320419685096
2701,-66.98849113371985
2702,61.54337246539154
2703,212.58932737707477
2704,195.77749475974383
2705,205.8950645891612
2706,80.76420338462762
2707,5.917378051765588
2708,2.2568736546969563
2709,64.17507677941629
2710,4.276157307001242
2711,21.722932723257124
2712,83.92839762001248
2713,321.0550242596614
2714,160.3596742582449
2715,4.00580830094273
2716,195.84379995800498
2717,5.062411537561184
2718,4.704619115135916
2719,4.9846541498578505
2720,2.4128473716243066
2721,209.9372618659378
2722,56.3591044614928
2723,148.30029425767296
2724,4.470911989658177
2725,368.1235113954333
2726,2.997783560946379
2727,3.7045244415121505
2728,217.94097568315942
2729,66.87855573796388
2730,3.9608478113317274
2731,78.70501171912312
2732,5.90277522331114
2733,199.53085670276678
2734,118.01140968385907
2735,2.6314344758147468
2736,109.8737835478301
2737,4.6426485188199695
2738,5.777311963849332
2739,-85.20742636029831
2740,3.771948899833682
2741,3.794191509480296
2742,6.088098366770339
2743,4.7169574487316694
2744,256.87787291541315
2745,3.4741369604040884
2746,335.08539188874624
2747,85.24492426328166
2748,196.08240284144858
2749,3.9247128529820436
2750,55.605660311748295
2751,129.146936404603
2752,184.000145824926
2753,43.28009193594734
2754,97.12714303252272
2755,5.99759548129023
2756,4.491013306782119
2757,2.9565340657249273
2758,4.211553773893031
2759,3.1519544702121784
2760,4.077282323030061
2761,189.0325561648853
2762,3.7207430858719492
2763,5.907139540321962
2764,3.7895111004906328
2765,102.21490610695595
2766,5.89208102016439
2767,224.9597276247771
2768,56.12020778008443
2769,275.26194630077777
2770,141.39375518141458
2771,-54.85977719746817
2772,2.162873451977925
2773,138.420160400204
2774,231.35854822109047
2775,6.527774667843941
2776,6.0115883520492055
2777,3.701656725906748
2778,58.40992690467513
2779,5.952919707307791
2780,2.181889939729422
2781,4.129461825498815
2782,225.81431378499218
2783,4.410476748218761
2784,146.18440739758873
2785,203.20703006010228
2786,14.394408710870373
2787,156.12257124729666
2788,4.884737121357926
2789,148.04960531335365
2790,150.6878343278957
2791,309.46796316816597
2792,2.9961498143632994
2793,45.463239456090534
2794,4.131704664739746
2795,131.3467508111274
2796,246.5739208988643
2797,243.40975947962096
2798,52.55356079494419
2799,244.99126757930316
2800,5.071933361712409
2801,4.518098713485921
2802,2.932716718367672
2803,6.97480243857162
2804,2.564583181974184
2805,47.35986978264407
2806,379.91055595785673
2807,-1.503288490896027
2808,25.651740296874657
2809,4.158817049667352
2810,150.0375880827428
2811,188.3207756982812
2812,171.37294760529392
2813,159.896071782246
2814,148.31219859827758
2815,8.962797476359242
2816,111.9093523226746
2817,295.11747986781825
2818,293.6689395191354
2819,4.054087793092894
2820,164.89354905059008
2821,231.2335110754738
2822,358.5170230529601
2823,180.79774080497637
2824,2.8128769904294892
2825,89.49478205729295
2826,15.470060685444434
2827,3.8757040822236966
2828,117.09187873181716
2829,6.118480355127437
2830,237.70059501847717
2831,73.80446068456519
2832,203.1611248902347
2833,4.064907978183841
2834,3.3180424764089276
2835,158.95632776724858
2836,356.187883873616
2837,60.33006726327195
2838,135.0955143917302
2839,3.4620883437108816
2840,7.392459979369686
2841,34.21435759485455
2842,6.004030244840913
2843,216.9215649781061
2844,313.5790760474536
2845,266.3434830554985
2846,133.46872479420372
2847,317.609034976428
2848,178.4465759674436
2849,299.6301111002309
2850,6.053136380548397
2851,2.355089827399378
2852,102.08776959666238
2853,236.26017425674718
2854,2.059156010868862
2855,2.952451699336426
2856,1.6917410941985334
2857,-76.46502588272654
2858,113.55142599741772
2859,5.427714100386709
2860,81.98295562988926
2861,5.932220074439809
2862,7.925939052075724
2863,163.50781439535487
2864,14.600195346421021
2865,240.73181164221228
2866,13.58105434173774
2867,5.617213725050683
2868,284.69383338814885
2869,117.63762406044779
2870,-59.33499324506873
2871,4.338796888020822
2872,100.05751899716867
2873,61.38801284888624
2874,238.32709923774178
2875,116.54668057585465
2876,2.6675634132268904
2877,4.673981631747813
2878,216.3820374915776
2879,5.066429599808522
2880,78.9635350682019
2881,156.10271263746662
2882,4.723251889512415
2883,130.42113332483865
2884,-6.917534435272161
2885,185.42828207333707
2886,212.10073974920954
2887,76.10717257260262
2888,132.9235017151299
2889,162.34486598296792
2890,222.55037858133514
2891,3.1520154760795176
2892,79.81274252708712
2893,236.31212986120534
2894,26.083472041146656
2895,5.619841173160342
2896,4.616313952118675
2897,3.8031335947212446
2898,173.617387398983
2899,285.29558415222743
2900,2.314991580837333
2901,5.739033147082998
2902,45.88414957609929
2903,2.718807825548384
2904,115.42336930180569
2905,3.759346426829337
2906,199.95978691868442
2907,150.9386725050666
2908,37.21949273058564
2909,5.288701282077039
2910,290.81673262425005
2911,216.12619785094864
2912,15.953782122710642
2913,-1.526070618470229
2914,173.21805251954606
2915,356.5129558726791
2916,168.2952049929292
2917,198.90796744270142
2918,14.288822119011748
2919,68.13279707308538
2920,255.5919362237392
2921,47.92418134814287
2922,26.442099866926114
2923,113.20688161398124
2924,5.900531992477083
2925,4.308782547669218
2926,3.9246891040874035
2927,182.41123771563142
2928,165.105787330362
2929,69.8595397571512
2930,177.23119098386866
2931,283.5077182719001
2932,24.5538238896734
2933,4.221077372132489
2934,2.826584090897744
2935,264.0873110301636
2936,2.9564674922134384
2937,2.4799312253738615
2938,4.735034428536496
2939,304.82948157461533
2940,153.57068779963606
2941,114.74841654361848
2942,95.00471398639522
2943,95.5363895366771
2944,128.78812155149987
2945,5.836141331207518
2946,6.479669304681735
2947,118.88494926103117
2948,4.424220763707611
2949,5.973223383591128
2950,56.380843377141986
2951,6.813939383590673
2952,3.466863670328779
2953,257.11169410510513
2954,284.5606541032972
2955,32.10137188484643
2956,173.3496436490224
2957,4.784382765241585
2958,91.64857091944057
2959,65.79687115445856
2960,6.419164144794244
2961,103.4999056249381
2962,40.686459999745495
2963,4.230820119011557
2964,2.0947067847162657
2965,137.91305369861465
2966,211.8338208850986
2967,176.67753359123407
2968,48.77602587571084
2969,218.7951416796913
2970,337.0168497395073
2971,259.6133620332249
2972,62.721646312587325
2973,6.343089785468831
2974,20.121726494338144
2975,5.644605958132251
2976,4.938376849897914
2977,182.47737825369973
2978,26.711962286848294
2979,153.70051887456577
2980,4.359665753497176
2981,25.291481654094977
2982,225.28236692300064
2983,135.45740287312975
2984,0.897229932715952
2985,106.42197648725654
2986,2.922729477253554
2987,107.74575003920938
2988,-1.269233190791176
2989,5.745912550040137
2990,4.195045979727664
2991,177.81811817939575
2992,280.31429966075547
2993,287.63007486816605
2994,69.24858431851914
2995,-74.02339756356156
2996,46.77764092095374
2997,7.732038864402792
2998,15.078001239121825
2999,3.5204831171506843
3000,323.19851604221196
3001,1.9573242698102649
3002,273.07269761747006
3003,5.845154746053051
3004,3.4813260039134226
3005,2.3438867787984368
3006,5.105733876764367
3007,99.38285490966166
3008,3.688266696509862
3009,99.00529714348626
3010,187.5962323541251
3011,6.9517890411638525
3012,257.6507762110514
3013,62.94030432848945
3014,129.9635772279232
3015,-24.584165533166534
3016,58.27229629777732
3017,5.530315249477416
3018,87.68122436811993
3019,4.808754761898023
3020,369.4436855745706
3021,12.886114166425603
3022,6.0328423153438155
3023,276.159973354979
3024,20.227489901407488
3025,36.51778500138366
3026,4.13336811904219
3027,5.912674310618026
3028,283.1509530231248
3029,235.89668937555172
3030,37.658382812774754
3031,82.9331994109233
3032,278.91948810108033
3033,219.7344536291048
3034,214.07402750116626
3035,32.63964446557442
3036,2.8250405451337395
3037,274.15939542075915
3038,293.4851387239421
3039,6.140371534003859
3040,314.9313386238365
3041,120.0769455055756
3042,4.605977286805382
3043,3.8756379855002994
3044,32.1339093244198
3045,206.42439332779446
3046,89.21014591717802
3047,2.158900694255726
3048,86.16904319963318
3049,2.376780720759273
3050,240.0303345756426
3051,89.69066947688418
3052,2.648553638050937
3053,85.88253852091663
3054,-90.13074557090329
3055,23.544730218214337
3056,4.016500292509099
3057,156.8111067828279
3058,75.56125360340683
3059,57.715973248073944
3060,198.9926111106637
3061,225.07386629835003
3062,243.72369751686412
3063,125.97499165854094
3064,267.0804446601899
3065,87.94405942965366
3066,262.65743333460466
3067,243.7562178071296
3068,4.956372769068979
3069,-31.844300182490706
3070,57.80903896116543
3071,6.197399184413149
3072,263.8923120279225
3073,232.949795781304
3074,226.45784053648225
3075,37.20495934999583
3076,220.0444195570941
3077,56.611583561242426
3078,145.29509493953717
3079,4.009004879933686
3080,243.3993148671775
3081,2.2394418104873894
3082,51.38178674479019
3083,240.70947653950043
3084,159.51995588886928
3085,6.124904277563032
3086,2.769312049103049
3087,182.9985095375841
3088,-22.559224101056728
3089,48.53966882936726
3090,34.82036987023986
3091,73.86910586168163
3092,99.29331654888543
3093,229.78897529525875
3094,274.3217090777521
3095,6.714557153523714
3096,4.128532753365068
3097,53.095266849279355
3098,317.6189472509747
3099,4.225817130246096
3100,316.43890672518637
3101,39.76870997052329
3102,252.83766114317115
3103,6.714748393894244
3104,48.24650568233649
3105,3.031090334434718
3106,124.53130032901501
3107,86.45124527669397
3108,3.2847284364746345
3109,-11.03196711480188
3110,117.8669860302177
3111,30.954475772758407
3112,55.10611346908826
3113,241.4912194701986
3114,3.950397861714802
3115,165.98287567248633
3116,94.52443245627754
3117,164.13344454964385
3118,63.49581934600089
3119,176.5417776354708
3120,134.74027817988633
3121,3.097359747298722
3122,213.92905266080618
3123,-64.23487370708428
3124,9.54950031103858
3125,305.45857011655085
3126,4.8136402008206325
3127,4.348520676986697
3128,6.01913642445148
3129,122.59024699711185
3130,199.9479776376327
3131,1.8232561580400046
3132,220.123693207666
3133,32.11796359139278
3134,267.3216574705903
3135,159.38278583804333
3136,5.461645170276038
3137,220.23428640918976
3138,5.602155779722893
3139,12.386252969553015
3140,-75.15629444675878
3141,4.07454995936302
3142,141.93403238380682
3143,147.60853596451216
3144,242.63030124048328
3145,292.61611767469947
3146,4.981910079170917
3147,3.9000256775289035
3148,45.46295488572899
3149,2.2946203172415744
3150,220.95087817310446
3151,26.10058721456639
3152,164.0927741930326
3153,4.167840894925021
3154,3.07808897421439
3155,73.89534289841961
3156,2.3098757667240126
3157,17.151753636334558
3158,4.604175230580305
3159,6.148413172498913
3160,4.450682301998739
3161,258.1251135025897
3162,222.3317961227122
3163,4.019917056651441
3164,227.35087196200166
3165,159.7350252293186
3166,205.73492300999948
3167,2.9217603518930195
3168,118.93982980864021
3169,6.622136835318155
3170,4.295477546505216
3171,4.689883836857247
3172,5.22074227497399
3173,131.37406052459858
3174,255.1120522834678
3175,2.752810756675018
3176,265.22576305327266
3177,100.98632085006567
3178,214.26998571427026
3179,306.7094597828391
3180,170.85728566683468
3181,23.72147230542495
3182,112.75353162490408
3183,98.02188298414885
3184,-30.265079116646213
3185,2.9571939726715533
3186,6.423726614390786
3187,5.806787889966103
3188,5.007435740460378
3189,84.38672995974581
3190,2.7753766863318563
3191,4.114193995476819
3192,2.186012519424854
3193,6.270830168375581
3194,145.53245286141777
3195,257.77056857072665
3196,266.4825503882562
3197,40.26494785668338
3198,6.251112075030571
3199,205.37046024717878
3200,2.6027031443078776
3201,78.38773542468873
3202,115.97705600275867
3203,274.0633387036089
3204,97.27566823460916
3205,3.2030805262967865
3206,5.239965273379847
3207,158.01755816818405
3208,6.574996871057558
3209,4.919548105757617
3210,2.933574829023547
3211,3.9900682508826826
3212,5.02226674218103
3213,5.848898090355053
3214,6.314405855115899
3215,179.74396588975324
3216,3.7514309459071304
3217,5.312162925857486
3218,262.8089841364441
3219,4.017151382114966
3220,215.71889853780863
3221,6.613934063101238
3222,295.49374290655237
3223,4.546798063249758
3224,4.373172202801517
3225,93.291429973193
3226,62.4484778627305
3227,4.72507443552153
3228,233.4980261729135
3229,49.16726152011144
3230,-24.100844598372298
3231,114.69524898466699
3232,74.60042367895922
3233,5.138201327563424
3234,282.9259371424032
3235,122.0301211609397
3236,117.61174633022186
3237,138.82234624779556
3238,271.18828286223686
3239,295.59553568974957
3240,225.94760602535686
3241,232.90294420160237
3242,5.153484371065394
3243,91.62319071882476
3244,208.79765184394262
3245,47.38521023552585
3246,204.13432447339812
3247,-71.28789444734122
3248,26.177104354308618
3249,5.879847765427117
3250,4.143365654735102
3251,258.586269903546
3252,271.03615522585585
3253,220.37751896758635
3254,223.4282068122505
3255,7.260109162196155
3256,187.90869230564272
3257,266.05886535773095
3258,304.2927694745396
3259,284.2482936535338
3260,207.32391063025176
3261,-11.941970181751755
3262,-43.72094629912127
3263,5.8152681589847415
3264,137.15107137216168
3265,5.101290396439653
3266,5.267797258267144
3267,5.807047776328448
3268,-80.03911191524035
3269,2.9346736229576385
3270,217.51776220000608
3271,4.656361524019486
3272,6.462070915967313
3273,257.36629572326274
3274,5.9512741303520516
3275,292.57401259402644
3276,5.583411077331929
3277,3.8980993952160516
3278,178.33787477340604
3279,112.6195827148697
3280,203.97349467278323
3281,260.0265664976466
3282,-29.192230149105463
3283,93.4414367031235
3284,4.966010544546495
3285,6.974649170166401
3286,376.3618266398863
3287,-61.7981346641877
3288,4.499421330991414
3289,114.75380691027142
3290,215.32019377159529
3291,3.30876859662318
3292,46.77940250670871
3293,240.0363237499888
3294,110.6878191731336
3295,219.59815497072378
3296,3.168299736549566
3297,74.10143899940603
3298,239.60774725159087
3299,104.28879869705976
3300,219.51621181543516
3301,281.25492349332285
3302,2.8894675556539946
3303,-16.214450157536852
3304,2.141268283988045
3305,-15.01491217671806
3306,21.261816475413237
3307,207.27247186766022
3308,3.355302872362153
3309,184.39766843986928
3310,66.1476645557938
3311,2.6508916817402444
3312,51.19435301484748
3313,128.30108274293207
3314,170.69754628594643
3315,2.971763199579335
3316,258.11928724520624
3317,6.061146712622666
3318,5.354213771090729
3319,50.91549524832496
3320,3.881664267021029
3321,4.271550957594063
3322,223.9947783324214
3323,108.5876148032782
3324,59.35000089551092
3325,254.34664979303682
3326,-77.34384396174937
3327,4.840853891229024
3328,6.364018247270833
3329,4.538832489981056
3330,6.086490408968573
3331,4.668176185720222
3332,2.8262059665255905
3333,74.42250998349533
3334,4.0271472813349005
3335,265.74377629256355
3336,150.18368482733075
3337,251.77654091671454
3338,5.308110106066913
3339,88.98089569338458
3340,360.4694478544219
3341,2.894799623253861
3342,223.83009398315718
3343,4.952747778475871
3344,105.76536585275323
3345,2.693887342455135
3346,150.7510491543128
3347,116.06197320596561
3348,-59.429229409002275
3349,-56.494088094141475
3350,2.491650882726817
3351,-5.546640131271596
3352,246.07219345657938
3353,207.20052657860805
3354,63.107720176618706
3355,-53.81412905514655
3356,7.500167849654334
3357,204.49831026665188
3358,119.06676846023882
3359,126.4564650273244
3360,6.973506956832416
3361,81.17714158807871
3362,73.42391862684354
3363,6.407022884417302
3364,102.12931831212366
3365,2.7919089367997323
3366,256.7515735241352
3367,6.249519183551174
3368,134.02406505340807
3369,4.721266049580072
3370,6.268274848951869
3371,265.02337848445393
3372,4.065898746389108
3373,307.1460201143886
3374,305.662595733216
3375,4.469523754598952
3376,252.9006914784349
3377,254.7275257684795
3378,2.6305474650091454
3379,280.2679088320622
3380,3.6785872088204936
3381,252.80766569649597
3382,-31.668481700442854
3383,119.93856263527884
3384,274.38587469615163
3385,89.38243610365532
3386,6.499107912700371
3387,2.5786205499713573
3388,132.16791329577188
3389,3.1478499013813495
3390,201.77281838076235
3391,106.97060483637682
3392,6.551844208240007
3393,69.44999149554158
3394,4.056169194621722
3395,333.3431093959466
3396,4.860638622596326
3397,108.66382059539937
3398,2.616333328388049
3399,267.2555028665181
3400,5.950001972179263
3401,5.863174246246397
3402,4.803925851727707
3403,134.1266250732201
3404,113.46069394049542
3405,4.772410096172774
3406,164.07407406490438
3407,-64.88730560173624
3408,35.07205809157759
3409,168.60562274925724
3410,-12.24595489004858
3411,6.34147104376502
3412,96.77298416066652
3413,4.404746520414443
3414,63.54827277347489
3415,199.17084199306518
3416,-0.8364961647684171
3417,74.05827332689911
3418,221.79899365589435
3419,166.37798081105953
3420,192.7486259406402
3421,90.35470743576253
3422,2.7836747851193078
3423,233.04546509884108
3424,5.16439268399678
3425,44.17757990421684
3426,6.571700858828767
3427,54.746720650518775
3428,109.30971866656535
3429,66.89165305793921
3430,5.833488983679621
3431,280.78215612327506
3432,161.17517432225372
3433,112.20036616484626
3434,5.698974280246276
3435,255.11254575128777
3436,96.90629878893867
3437,52.88273103668743
3438,6.305008087907418
3439,3.3077689000232597
3440,223.50336753718034
3441,2.663735363058611
3442,5.82654751634897
3443,122.63204597940025
3444,74.69959812030282
3445,299.24215518234826
3446,4.408187890173469
3447,6.500902636786703
3448,4.225087353396521
3449,-1.6267900862735267
3450,146.05502674108277
3451,5.260406435071756
3452,-89.06520034974892
3453,84.79573407408529
3454,4.933841453773503
3455,308.41509516545466
3456,3.286940148755848
3457,5.906269865308339
3458,254.11685308943737
3459,3.194653252202671
3460,153.5280357510792
3461,71.71378055404725
3462,4.630133917965318
3463,5.665239794669116
3464,2.664924307065141
3465,54.95515696869614
3466,198.63055031168358
3467,5.564607665287104
3468,2.2592051209177404
3469,5.728239620851208
3470,177.24952867020363
3471,5.850788216418728
3472,6.623453324114051
3473,93.11096088579414
3474,66.1440503469432
3475,4.735722472741461
3476,272.6408253680871
3477,318.2398194008217
3478,4.944055596201366
3479,35.08502368639451
3480,91.83301863738187
3481,-12.880026833181683
3482,2.686590346479142
3483,82.18779175513721
3484,252.71813457018857
3485,4.189649296353538
3486,49.82455440091681
3487,55.172666588307465
3488,281.7978297160654
3489,294.8985346242352
3490,220.80531700920204
3491,78.5225517720863
3492,5.5706163529025865
3493,64.86449162705223
3494,293.0627558312997
3495,106.99507680845042
3496,4.923768227648885
3497,52.90805184400874
3498,293.2688941028877
3499,5.628896225109507
3500,123.4395879000888
3501,224.87027974981658
3502,194.53736461815623
3503,285.9181480873648
3504,232.3314332522756
3505,2.6517652203494855
3506,92.10990526943054
3507,5.645030812806464
3508,281.99259195518437
3509,5.219911843835224
3510,141.5588337004612
3511,109.94520915987826
3512,217.72653007800108
3513,6.077558835578241
3514,21.96797149734357
3515,200.16260394989035
3516,3.1752603356048854
3517,85.8992597912306
3518,2.951131761425713
3519,296.1199933260901
3520,74.14476336825041
3521,-98.02910080051107
3522,82.95973281403849
3523,255.36915872821118
3524,5.00624039821855
3525,114.13826525341128
3526,4.160099642876819
3527,-10.684496918210176
3528,183.5520817639042
3529,-31.258436373910726
3530,0.11578280055090717
3531,3.2151853455866855
3532,32.24733694172299
3533,164.08356760720514
3534,67.28132530216466
3535,75.78475656676218
3536,314.30192891406676
3537,4.707115914197178
3538,5.9443139609456015
3539,5.897262415839246
3540,279.0901891696233
3541,3.5851052199857465
3542,1.9168476134464323
3543,6.578225944864053
3544,25.09499641736302
3545,272.34194848011396
3546,6.321622871044104
3547,5.733481967415953
3548,84.93655965691227
3549,307.96007247115017
3550,37.50662289921325
3551,2.5462465500120426
3552,56.32009231739098
3553,116.84235718073194
3554,116.44539385214946
3555,211.35565810352108
3556,210.95615498364066
3557,-51.70772361452
3558,6.442225226926892
3559,3.1235140129753853
3560,5.133184244305701
3561,5.3891194497700585
3562,-102.82070044632944
3563,79.87725384409781
3564,223.66232318418417
3565,267.7177134676033
3566,55.94486058635573
3567,3.186928874989384
3568,287.60690252022283
3569,3.6384777615699107
3570,5.905623450076412
3571,-0.5842648904218419
3572,77.87662959249957
3573,83.95129383283646
3574,302.6868750989371
3575,4.451971889308233
3576,175.34387410413552
3577,199.77030751630335
3578,2.8999561009375654
3579,66.88971601788651
3580,71.95221332629659
3581,222.35793143059033
3582,272.9356486463654
3583,218.62029564471368
3584,5.827944475029293
3585,126.88572787807492
3586,60.27710665833541
3587,242.6304361644518
3588,82.44420038590678
3589,218.72256739026463
3590,3.8261412169154845
3591,-15.958372365060084
3592,40.40030390779479
3593,98.59050395962493
3594,5.3776524096046465
3595,214.25881739554248
3596,95.20800433504111
3597,5.930772713742858
3598,164.65838678418277
3599,96.31916942373921
3600,175.23134091774835
3601,6.233924785676081
3602,3.8838106478150918
3603,204.30768042366543
3604,307.01082232726446
3605,5.835032613785831
3606,308.8385667631869
3607,222.27773081434728
3608,200.08529728919984
3609,40.388857573148805
3610,6.904937536459677
3611,238.55857517770323
3612,23.766498627096418
3613,235.73785872739677
3614,259.64219613160986
3615,5.908173760771649
3616,5.757220116999619
3617,3.9025517671175742
3618,56.69043131136292
3619,3.3296962081281904
3620,58.444846105147604
3621,89.75109818590677
3622,6.325652730260517
3623,5.2591262800949
3624,3.050406269622276
3625,296.2007582835183
3626,25.828548996006784
3627,204.83661251384206
3628,6.231415910920395
3629,185.604836736135
3630,268.7140574195803
3631,185.65190594938764
3632,5.1864260969701
3633,261.98365108161704
3634,5.725134473735615
3635,35.91815024745013
3636,86.07017889650155
3637,300.2407070088435
3638,160.04659924086394
3639,234.36971287097845
3640,5.916344203323369
3641,46.598442248553326
3642,199.13896414861563
3643,69.9507335377972
3644,240.48288776008414
3645,3.2703070031944494
3646,-15.690402611420705
3647,3.6761255554300627
3648,306.58587987761064
3649,6.990487178238426
3650,151.51473142708267
3651,3.8719854484833904
3652,71.9786925795064
3653,160.03602819999432
3654,332.8577025944222
3655,59.78498583943889
3656,6.425806382271927
3657,354.32751870012106
3658,2.216963850870431
3659,181.60585744571017
3660,273.18382942002495
3661,38.14104127111728
3662,149.49977971134444
3663,132.07481402497285
3664,-48.15787169401207
3665,5.691967136802653
3666,152.57634360610746
3667,2.294096279312434
3668,6.670164334145801
3669,150.12540615894454
3670,54.2960566268843
3671,248.64468371279713
3672,266.6071352661545
3673,136.05409537844216
3674,125.5613851454315
3675,161.94607676211677
3676,179.1182534083864
3677,4.263779238762321
3678,6.518333267361321
3679,128.7099942616077
3680,190.815947701362
3681,296.5684798460953
3682,-28.52932460441539
3683,3.057550434483967
3684,177.2381427820231
3685,210.45021497206466
3686,3.329877428158313
3687,84.56845291033864
3688,119.65667376656776
3689,181.25444588078096
3690,177.4037439063169
3691,117.66467476967314
3692,5.920644810326653
3693,238.23194313914865
3694,259.97149494311276
3695,5.387440971101215
3696,53.444357996670036
3697,128.62497373859844
3698,5.809186630464519
3699,6.242060098577199
3700,32.012737238680444
3701,3.9141606905075856
3702,101.71763712402702
3703,227.9641282394769
3704,308.3758039290441
3705,216.64978823800232
3706,132.70539765029588
3707,4.402792669874149
3708,32.61603622432969
3709,122.32060283030509
3710,87.8973452307913
3711,30.91750940828587
3712,5.368032750318255
3713,4.538559198704947
3714,3.445995246248945
3715,5.959367648004848
3716,210.6599801389998
3717,149.56033254864604
3718,31.5152598469121
3719,45.21437486005415
3720,132.5275530731411
3721,6.409978477800347
3722,3.8057682599183704
3723,298.85941997488817
3724,15.914868717735338
3725,2.6895064505924893
3726,124.12560296058487
3727,3.986238420498986
3728,80.35804876782029
3729,197.14067670347276
3730,6.5299309995365125
3731,5.57455787478564
3732,37.55431519801674
3733,217.11557531509345
3734,6.224752641473317
3735,124.45963022277041
3736,198.69492265177405
3737,171.97023024723333
3738,4.120300824223879
3739,107.95319878121069
3740,310.89581874956735
3741,80.9102512190446
3742,179.1746285773977
3743,274.09864045106366
3744,229.38499981926765
3745,59.79588559993814
3746,56.61083289531
3747,293.61877067622504
3748,3.713143460292769
3749,5.860949793937941
3750,257.08114359476843
3751,4.1792965682903755
3752,150.14665866022636
3753,126.22905571774169
3754,4.68410901980061
3755,1.5203283182838228
3756,81.44574831443069
3757,4.764830557787981
3758,13.77626813968023
3759,64.72288335725366
3760,3.3226318168988893
3761,103.1501001644748
3762,34.79389580417494
3763,85.76610393716803
3764,209.51742932806854
3765,178.09165751405044
3766,5.923239134122385
3767,132.39482256971962
3768,265.4689817714417
3769,290.12996030896016
3770,4.959990696916117
3771,297.1613461634572
3772,25.82771002136823
3773,100.48757822068924
3774,182.60246741748017
3775,149.01167419650955
3776,270.38595814845075
3777,6.689651077695309
3778,219.91789886051163
3779,2.7339806380138985
3780,259.28397831283786
3781,41.53714142882471
3782,280.68338635252746
3783,273.95651443579345
3784,208.86172483372437
3785,5.748255915900563
3786,267.6374540950052
3787,27.00642304181882
3788,132.83361042004634
3789,188.5653972044472
3790,3.135353436868775
3791,212.90321973863985
3792,213.03727102162003
3793,6.442811565211933
3794,332.3314927639706
3795,263.4375228161931
3796,108.41666718657947
3797,4.421678676916342
3798,-47.1238378920379
3799,2.6619981381177045
3800,73.54923560104217
3801,201.2472072201718
3802,6.523588701981977
3803,266.4881486480804
3804,265.9675549589526
3805,5.601765288332619
3806,247.6224858220986
3807,141.1186881934055
3808,2.879438243879155
3809,4.796581614757056
3810,122.62433937949146
3811,42.64412184578631
3812,7.539371564321714
3813,3.82747566397916
3814,4.489451841402803
3815,260.497983821313
3816,49.904946084277135
3817,120.66417839850315
3818,106.45860612328458
3819,4.0486145899052595
3820,145.09041241807577
3821,102.99652029535648
3822,145.47101749702892
3823,129.5175841083588
3824,-8.011791116011183
3825,202.36157974316444
3826,11.561549834420742
3827,117.73003132376188
3828,242.47127102024206
3829,-52.59591411376083
3830,158.69852478703626
3831,125.06742195975016
3832,205.32224678594224
3833,120.18275145806851
3834,372.0620994862768
3835,43.632014066270045
3836,210.01511581712177
3837,278.52772932638277
3838,4.172137830928124
3839,6.692132261814366
3840,275.2361394867364
3841,86.16388907356131
3842,272.51382756255487
3843,-61.50851433215235
3844,194.6402553409306
3845,288.4880575294527
3846,154.51170120698362
3847,200.71025970262792
3848,5.231536747019003
3849,73.82180684564162
3850,2.93300021090423
3851,127.8380685427282
3852,143.31045978631016
3853,5.935926855216454
3854,2.0286012824166653
3855,56.97204468108538
3856,319.8116864813877
3857,347.8189118756078
3858,4.117411909610514
3859,257.31665073881845
3860,184.3344682486471
3861,197.00006098288816
3862,3.467802028019119
3863,3.0404331299305447
3864,5.451694523583316
3865,263.510097112931
3866,195.27689361840925
3867,113.35397507745877
3868,2.4487932620313955
3869,61.08341545518874
3870,3.378966467381396
3871,171.68208573783966
3872,154.29485549638645
3873,298.5883304268149
3874,3.3059771568764402
3875,4.7068722061596535
3876,202.54695224386802
3877,53.53662679750488
3878,82.77098280087719
3879,8.97472942984221
3880,5.861356728134844
3881,6.080608178141906
3882,316.0764820245529
3883,263.85606952742353
3884,199.12357347159082
3885,352.35500471055144
3886,3.7309334989825307
3887,141.18443650247218
3888,217.74097678522855
3889,5.8562079499414
3890,88.3431612607651
3891,6.062619360671918
3892,2.8057550063247696
3893,195.92245048626432
3894,82.08483192394397
3895,285.74954894930454
3896,40.765799438616995
3897,255.26777137613402
3898,249.5079455365106
3899,113.93930150427019
3900,228.79178040263082
3901,5.7215931426687465
3902,368.2355348628373
3903,6.03447001664007
3904,205.2346976321159
3905,239.94395119056048
3906,267.17817289975017
3907,289.76366257594447
3908,4.25591140355241
3909,5.421626923618845
3910,6.058738720545146
3911,-63.84960832501302
3912,271.7336217684791
3913,241.24484032911369
3914,103.15269557463937
3915,5.830980708237245
3916,5.691036667908953
3917,6.282205018427133
3918,150.48017624785774
3919,1.9056321141722536
3920,98.15799792278378
3921,175.02893885418362
3922,2.874021942718214
3923,28.280052267738668
3924,2.953684803480991
3925,225.28479533462226
3926,169.06210957331632
3927,6.2747131177436835
3928,106.31127876069175
3929,30.401545508316065
3930,118.82137270334078
3931,190.46247709813338
3932,4.494228308671663
3933,6.67019221916509
3934,3.965442525437157
3935,204.42943070215364
3936,-1.0534939401789116
3937,49.67921406526559
3938,-78.3672277432256
3939,5.930979430451172
3940,79.78995529066538
3941,-31.311701621990593
3942,5.502245731374559
3943,48.72845599876996
3944,3.0419160967423986
3945,233.10976621654316
3946,120.26013593995506
3947,41.04356865451055
3948,2.9470742111221284
3949,2.927837252474336
3950,3.180925410660242
3951,114.30878540338979
3952,261.3953548201277
3953,286.71781114054886
3954,5.230680300251377
3955,4.912255671493975
3956,4.585347544031411
3957,191.27782637136096
3958,287.5969140619873
3959,5.857436085307246
3960,-22.68361344413377
3961,4.160835269913203
3962,178.9096564633255
3963,124.43087176100063
3964,3.215905122105273
3965,6.5402424377376445
3966,158.43746372610525
3967,81.41919524682979
3968,112.16022055686491
3969,6.286732128472458
3970,315.3500251013529
3971,169.37242367253782
3972,99.73652318949598
3973,207.3593097127023
3974,228.7200243903325
3975,185.75761079096685
3976,205.45194617121973
3977,179.5660650360937
3978,244.3489932636742
3979,6.33886961158342
3980,2.4782196179811704
3981,27.757785654374217
3982,119.79726180436396
3983,141.26053053377962
3984,5.0346588039905775
3985,20.270750360147506
3986,4.976315967065121
3987,176.45928973124796
3988,170.79017122126334
3989,5.244023484031155
3990,173.33777715022632
3991,231.64212616415858
3992,161.0402769449774
3993,90.30540213551318
3994,4.250862426009123
3995,136.7933049882596
3996,3.6691527353068416
3997,238.78538599957557
3998,-34.228257130949984
3999,86.74309771470297
4000,2.6327553258473344
4001,53.722678091613425
4002,3.7467153332629897
4003,124.52074124110912
4004,185.00680071706745
4005,35.44899173045554
4006,6.820065226844848
4007,235.41941062031793
4008,-8.534781285935201
4009,102.73695158554327
4010,179.0390335875354
4011,3.0709326969684567
4012,6.662088568393138
4013,3.0788543569334026
4014,0.687207771654492
4015,59.56560413114633
4016,3.7990543716821996
4017,252.9629980807611
4018,4.540149345380031
4019,279.85400668769637
4020,5.442527064236106
4021,167.60776161677092
4022,-54.588670791292095
4023,211.60770066981212
4024,127.12514224187888
4025,3.8314615554679117
4026,268.73503063102896
4027,239.8596662678142
4028,131.71665271552513
4029,261.9190918631
4030,2.320489115542268
4031,3.025368598506647
4032,275.3946824035936
4033,49.84886892221273
4034,3.037795988834957
4035,235.7191279470747
4036,264.3349229128356
4037,189.43355903253837
4038,5.358742127301704
4039,5.111040061531114
4040,239.76189632295745
4041,5.463760352634573
4042,57.78394089780873
4043,47.488785097518345
4044,178.01697799637824
4045,6.239853122934845
4046,102.42566608947602
4047,90.74424025494609
4048,5.844449177748169
4049,6.100749114001834
4050,5.3844649957343
4051,6.102364919677349
4052,4.197581349085633
4053,3.94055011096898
4054,4.77473765394962
4055,-29.877575866942408
4056,45.177377136836995
4057,23.363153000127777
4058,233.61840597629433
4059,38.485837782330655
4060,2.531213983677105
4061,138.93528665828606
4062,348.39674251663286
4063,270.655728114181
4064,6.184908590627147
4065,6.206593766096942
4066,298.7304763874951
4067,121.18549376617594
4068,48.05510039751751
4069,52.587618808234936
4070,93.53389039661411
4071,61.719268183286886
4072,6.433701003506066
4073,104.37284858753928
4074,-56.349481885727485
4075,232.40206222269148
4076,5.817507946688631
4077,59.04733593601424
4078,2.8171518828323436
4079,73.29038386241581
4080,166.4158402227372
4081,68.95837139742586
4082,4.510909990903828
4083,4.521815484186807
4084,-1.9113685190596765
4085,51.11171853934586
4086,30.867322358743913
4087,5.823384375594083
4088,34.133801039490784
4089,106.95695175457325
4090,84.96523785805125
4091,5.335242518398015
4092,143.8363398560449
4093,150.0093005942217
4094,30.46316581558995
4095,85.48691748286512
4096,262.1356022441407
4097,181.76555152493887
4098,151.19205820470648
4099,3.0173376286421307
4100,299.46871032935326
4101,57.77263440758172
4102,226.73200019003357
4103,18.26637729069501
4104,2.356407496247706
4105,-42.513496601034014
4106,49.578742298681
4107,5.060772248896923
4108,164.26414579096217
4109,173.40066587901003
4110,300.43160579524533
4111,-64.0258113788846
4112,101.52945534819952
4113,227.67332311538482
4114,45.75314055246419
4115,338.63776668135
